"","time","DAX","SMI","CAC","FTSE"
"1",1991,1628.75,1678.1,1772.8,2443.6
"2",1991.00430338892,1613.63,1688.5,1750.5,2460.2
"3",1991.00860677784,1606.51,1678.6,1718,2448.2
"4",1991.01291016676,1621.04,1684.1,1708.1,2470.4
"5",1991.01721355568,1618.16,1686.6,1723.1,2484.7
"6",1991.02151694459,1610.61,1671.6,1714.3,2466.8
"7",1991.02582033351,1630.75,1682.9,1734.5,2487.9
"8",1991.03012372243,1640.17,1703.6,1757.4,2508.4
"9",1991.03442711135,1635.47,1697.5,1754,2510.5
"10",1991.03873050027,1645.89,1716.3,1754.3,2497.4
"11",1991.04303388919,1647.84,1723.8,1759.8,2532.5
"12",1991.04733727811,1638.35,1730.5,1755.5,2556.8
"13",1991.05164066703,1629.93,1727.4,1758.1,2561
"14",1991.05594405594,1621.49,1733.3,1757.5,2547.3
"15",1991.06024744486,1624.74,1734,1763.5,2541.5
"16",1991.06455083378,1627.63,1728.3,1762.8,2558.5
"17",1991.0688542227,1631.99,1737.1,1768.9,2587.9
"18",1991.07315761162,1621.18,1723.1,1778.1,2580.5
"19",1991.07746100054,1613.42,1723.6,1780.1,2579.6
"20",1991.08176438946,1604.95,1719,1767.7,2589.3
"21",1991.08606777838,1605.75,1721.2,1757.9,2595
"22",1991.09037116729,1616.67,1725.3,1756.6,2595.6
"23",1991.09467455621,1619.29,1727.2,1754.7,2588.8
"24",1991.09897794513,1620.49,1727.2,1766.8,2591.7
"25",1991.10328133405,1619.67,1731.6,1766.5,2601.7
"26",1991.10758472297,1623.07,1724.1,1762.2,2585.4
"27",1991.11188811189,1613.98,1716.9,1759.5,2573.3
"28",1991.11619150081,1631.87,1723.4,1782.4,2597.4
"29",1991.12049488973,1630.37,1723,1789.5,2600.6
"30",1991.12479827864,1633.47,1728.4,1783.5,2570.6
"31",1991.12910166756,1626.55,1722.1,1780.4,2569.4
"32",1991.13340505648,1650.43,1724.5,1808.8,2584.9
"33",1991.1377084454,1650.06,1733.6,1820.3,2608.8
"34",1991.14201183432,1654.11,1739,1820.3,2617.2
"35",1991.14631522324,1653.6,1726.2,1820.3,2621
"36",1991.15061861216,1501.82,1587.4,1687.5,2540.5
"37",1991.15492200108,1524.28,1630.6,1725.6,2554.5
"38",1991.15922538999,1603.65,1685.5,1792.9,2601.9
"39",1991.16352877891,1622.49,1701.3,1819.1,2623
"40",1991.16783216783,1636.68,1718,1833.5,2640.7
"41",1991.17213555675,1652.1,1726.2,1853.4,2640.7
"42",1991.17643894567,1645.81,1716.6,1849.7,2619.8
"43",1991.18074233459,1650.36,1725.8,1851.8,2624.2
"44",1991.18504572351,1651.55,1737.4,1857.7,2638.2
"45",1991.18934911243,1649.88,1736.6,1864.3,2645.7
"46",1991.19365250134,1653.52,1732.4,1863.5,2679.6
"47",1991.19795589026,1657.51,1731.2,1873.2,2669
"48",1991.20225927918,1649.55,1726.9,1860.8,2664.6
"49",1991.2065626681,1649.09,1727.8,1868.7,2663.3
"50",1991.21086605702,1646.41,1720.2,1860.4,2667.4
"51",1991.21516944594,1638.65,1715.4,1855.9,2653.2
"52",1991.21947283486,1625.8,1708.7,1840.5,2630.8
"53",1991.22377622378,1628.64,1713,1842.6,2626.6
"54",1991.22807961269,1632.22,1713.5,1861.2,2641.9
"55",1991.23238300161,1633.65,1718,1876.2,2625.8
"56",1991.23668639053,1631.17,1701.7,1878.3,2606
"57",1991.24098977945,1635.8,1701.7,1878.4,2594.4
"58",1991.24529316837,1621.27,1684.9,1869.4,2583.6
"59",1991.24959655729,1624.7,1687.2,1880.4,2588.7
"60",1991.25389994621,1616.13,1690.6,1885.5,2600.3
"61",1991.25820333513,1618.12,1684.3,1888.4,2579.5
"62",1991.26250672405,1627.8,1679.9,1885.2,2576.6
"63",1991.26681011296,1625.79,1672.9,1877.9,2597.8
"64",1991.27111350188,1614.8,1663.1,1876.5,2595.6
"65",1991.2754168908,1612.8,1669.3,1883.8,2599
"66",1991.27972027972,1605.47,1664.7,1880.6,2621.7
"67",1991.28402366864,1609.32,1672.3,1887.4,2645.6
"68",1991.28832705756,1607.48,1687.7,1878.3,2644.2
"69",1991.29263044648,1607.48,1686.8,1867.1,2625.6
"70",1991.2969338354,1604.89,1686.6,1851.9,2624.6
"71",1991.30123722431,1589.12,1675.8,1843.6,2596.2
"72",1991.30554061323,1582.27,1677.4,1848.1,2599.5
"73",1991.30984400215,1567.99,1673.2,1843.4,2584.1
"74",1991.31414739107,1568.16,1665,1843.6,2570.8
"75",1991.31845077999,1569.71,1671.3,1833.8,2555
"76",1991.32275416891,1571.74,1672.4,1833.4,2574.5
"77",1991.32705755783,1585.41,1676.2,1856.9,2576.7
"78",1991.33136094675,1570.01,1692.6,1863.4,2579
"79",1991.33566433566,1561.89,1696.5,1855.5,2588.7
"80",1991.33996772458,1565.18,1716.1,1864.2,2601.1
"81",1991.3442711135,1570.34,1713.3,1846,2575.7
"82",1991.34857450242,1577,1705.1,1836.8,2559.5
"83",1991.35287789134,1590.29,1711.3,1830.4,2561.1
"84",1991.35718128026,1572.72,1709.8,1831.6,2528.3
"85",1991.36148466918,1572.07,1688.6,1834.8,2514.7
"86",1991.3657880581,1579.19,1698.9,1852.1,2558.5
"87",1991.37009144701,1588.73,1700,1849.8,2553.3
"88",1991.37439483593,1586.01,1693,1861.8,2577.1
"89",1991.37869822485,1579.77,1683.9,1856.7,2566
"90",1991.38300161377,1572.58,1679.2,1856.7,2549.5
"91",1991.38730500269,1568.09,1673.9,1841.5,2527.8
"92",1991.39160839161,1578.21,1683.9,1846.9,2540.9
"93",1991.39591178053,1573.94,1688.4,1836.1,2534.2
"94",1991.40021516945,1582.06,1693.9,1838.6,2538
"95",1991.40451855836,1610.18,1720.9,1857.6,2559
"96",1991.40882194728,1605.16,1717.9,1857.6,2554.9
"97",1991.4131253362,1623.84,1733.6,1858.4,2575.5
"98",1991.41742872512,1615.26,1729.7,1846.8,2546.5
"99",1991.42173211404,1627.08,1735.6,1868.5,2561.6
"100",1991.42603550296,1626.97,1734.1,1863.2,2546.6
"101",1991.43033889188,1605.7,1699.3,1808.3,2502.9
"102",1991.4346422808,1589.7,1678.6,1765.1,2463.1
"103",1991.43894566971,1589.7,1675.5,1763.5,2472.6
"104",1991.44324905863,1603.26,1670.1,1766,2463.5
"105",1991.44755244755,1599.75,1652.2,1741.3,2446.3
"106",1991.45185583647,1590.86,1635,1743.3,2456.2
"107",1991.45615922539,1603.5,1654.9,1769,2471.5
"108",1991.46046261431,1589.86,1642,1757.9,2447.5
"109",1991.46476600323,1587.92,1638.7,1754.9,2428.6
"110",1991.46906939215,1571.06,1622.6,1739.7,2420.2
"111",1991.47337278107,1549.81,1596.1,1708.8,2414.9
"112",1991.47767616998,1549.36,1612.4,1722.2,2420.2
"113",1991.4819795589,1554.65,1625,1713.9,2423.8
"114",1991.48628294782,1557.52,1610.5,1703.2,2407
"115",1991.49058633674,1555.31,1606.6,1685.7,2388.7
"116",1991.49488972566,1559.76,1610.7,1663.4,2409.6
"117",1991.49919311458,1548.44,1603.1,1636.9,2392
"118",1991.5034965035,1543.99,1591.5,1645.6,2380.2
"119",1991.50779989242,1550.21,1605.2,1671.6,2423.3
"120",1991.51210328133,1557.03,1621.4,1688.3,2451.6
"121",1991.51640667025,1551.78,1622.5,1696.8,2440.8
"122",1991.52071005917,1562.89,1626.6,1711.7,2432.9
"123",1991.52501344809,1570.28,1627.4,1706.2,2413.6
"124",1991.52931683701,1559.26,1614.9,1684.2,2391.6
"125",1991.53362022593,1545.87,1602.3,1648.5,2358.1
"126",1991.53792361485,1542.77,1598.3,1633.6,2345.4
"127",1991.54222700377,1542.77,1627,1699.1,2384.4
"128",1991.54653039268,1542.77,1627,1699.1,2384.4
"129",1991.5508337816,1542.77,1627,1722.5,2384.4
"130",1991.55513717052,1564.27,1655.7,1720.7,2418.7
"131",1991.55944055944,1577.26,1670.1,1741.9,2420
"132",1991.56374394836,1577.26,1670.1,1765.7,2493.1
"133",1991.56804733728,1577.26,1670.1,1765.7,2493.1
"134",1991.5723507262,1598.19,1670.1,1749.9,2492.8
"135",1991.57665411512,1604.05,1704,1770.3,2504.1
"136",1991.58095750403,1604.69,1711.8,1787.6,2493.2
"137",1991.58526089295,1593.65,1700.5,1778.7,2482.9
"138",1991.58956428187,1581.68,1690.3,1785.6,2467.1
"139",1991.59386767079,1599.14,1715.4,1833.9,2497.9
"140",1991.59817105971,1613.82,1723.5,1837.4,2477.9
"141",1991.60247444863,1620.45,1719.4,1824.3,2490.1
"142",1991.60677783755,1629.51,1734.4,1843.8,2516.3
"143",1991.61108122647,1663.7,1772.8,1873.6,2537.1
"144",1991.61538461538,1664.09,1760.3,1860.2,2541.6
"145",1991.6196880043,1669.29,1747.2,1860.2,2536.7
"146",1991.62399139322,1685.14,1750.2,1865.9,2544.9
"147",1991.62829478214,1687.07,1755.3,1867.9,2543.4
"148",1991.63259817106,1680.13,1754.6,1841.3,2522
"149",1991.63690155998,1671.84,1751.2,1838.7,2525.3
"150",1991.6412049489,1669.52,1752.5,1849.9,2510.4
"151",1991.64550833782,1686.71,1769.4,1869.3,2539.9
"152",1991.64981172673,1685.51,1767.6,1890.6,2552
"153",1991.65411511565,1671.01,1750,1879.6,2546.5
"154",1991.65841850457,1683.06,1747.1,1873.9,2550.8
"155",1991.66272189349,1685.7,1753.5,1875.3,2571.2
"156",1991.66702528241,1685.66,1752.8,1857,2560.2
"157",1991.67132867133,1678.77,1752.9,1856.5,2556.8
"158",1991.67563206025,1685.85,1764.7,1865.8,2547.1
"159",1991.67993544917,1683.71,1776.8,1860.6,2534.3
"160",1991.68423883809,1686.59,1779.3,1861.6,2517.2
"161",1991.688542227,1683.73,1785.1,1865.6,2538.4
"162",1991.69284561592,1679.14,1798.2,1864.1,2537.1
"163",1991.69714900484,1685.03,1794.1,1861.6,2523.7
"164",1991.70145239376,1680.81,1795.2,1876.5,2522.6
"165",1991.70575578268,1676.17,1780.4,1865.1,2513.9
"166",1991.7100591716,1688.46,1789.5,1882.1,2541
"167",1991.71436256052,1696.55,1794.2,1912.2,2555.9
"168",1991.71866594944,1690.24,1784.4,1915.4,2536.7
"169",1991.72296933835,1711.35,1800.1,1951.2,2543.4
"170",1991.72727272727,1711.29,1804,1962.4,2542.3
"171",1991.73157611619,1729.86,1816.2,1976.5,2559.7
"172",1991.73587950511,1716.63,1810.5,1953.5,2546.8
"173",1991.74018289403,1743.36,1821.9,1981.3,2565
"174",1991.74448628295,1745.17,1828.2,1985.1,2562
"175",1991.74878967187,1746.76,1840.6,1983.4,2562.1
"176",1991.75309306079,1749.29,1841.1,1979.7,2554.3
"177",1991.7573964497,1763.86,1846.3,1983.8,2565.4
"178",1991.76169983862,1762.27,1850,1988.1,2558.4
"179",1991.76600322754,1762.29,1839,1973,2538.3
"180",1991.77030661646,1746.77,1820.2,1966.9,2533.1
"181",1991.77461000538,1753.5,1815.2,1976.3,2550.7
"182",1991.7789133943,1753.21,1820.6,1993.9,2574.8
"183",1991.78321678322,1739.88,1807.1,1968,2522.4
"184",1991.78752017214,1723.92,1791.4,1941.8,2493.3
"185",1991.79182356105,1734.42,1806.2,1947.1,2476
"186",1991.79612694997,1723.13,1798.7,1929.2,2470.7
"187",1991.80043033889,1732.92,1818.2,1943.6,2491.2
"188",1991.80473372781,1729.89,1820.5,1928.2,2464.7
"189",1991.80903711673,1725.74,1833.3,1922,2467.6
"190",1991.81334050565,1730.9,1837.1,1919.1,2456.6
"191",1991.81764389457,1714.17,1818.2,1884.6,2441
"192",1991.82194728349,1716.2,1824.1,1896.3,2458.7
"193",1991.8262506724,1719.06,1830.1,1928.3,2464.9
"194",1991.83055406132,1718.21,1835.6,1934.8,2472.2
"195",1991.83485745024,1698.84,1828.7,1923.5,2447.9
"196",1991.83916083916,1714.76,1839.2,1943.8,2452.9
"197",1991.84346422808,1718.35,1837.2,1942.4,2440.1
"198",1991.847767617,1706.69,1826.7,1928.1,2408.6
"199",1991.85207100592,1723.37,1838,1942,2405.4
"200",1991.85637439484,1716.18,1829.1,1942.7,2382.7
"201",1991.86067778375,1738.78,1843.1,1974.8,2400.9
"202",1991.86498117267,1737.41,1850.5,1975.4,2404.2
"203",1991.86928456159,1714.77,1827.1,1907.5,2393.2
"204",1991.87358795051,1724.24,1829.1,1943.6,2436.4
"205",1991.87789133943,1733.77,1848,1974.1,2572.6
"206",1991.88219472835,1729.96,1840.5,1963.3,2591
"207",1991.88649811727,1734.46,1853.8,1972.3,2600.5
"208",1991.89080150619,1744.35,1874.1,1990.7,2640.2
"209",1991.8951048951,1746.88,1871.3,1978.2,2638.6
"210",1991.89940828402,1746.88,1871.3,1978.2,2638.6
"211",1991.90371167294,1746.88,1871.3,1978.2,2638.6
"212",1991.90801506186,1747.47,1860.5,1980.4,2625.8
"213",1991.91231845078,1753.1,1874.7,1983.7,2607.8
"214",1991.9166218397,1745.17,1880.1,1978.1,2609.8
"215",1991.92092522862,1745.72,1874.7,1984.9,2643
"216",1991.92522861754,1742.92,1875.6,1995.7,2658.2
"217",1991.92953200646,1731.68,1859.5,2006.6,2651
"218",1991.93383539537,1731.18,1874.2,2036.7,2664.9
"219",1991.93813878429,1728.09,1880.1,2031.1,2654.1
"220",1991.94244217321,1728.09,1880.1,2031.1,2659.8
"221",1991.94674556213,1731.29,1907.7,2041.6,2659.8
"222",1991.95104895105,1733.82,1920.5,2046.9,2662.2
"223",1991.95535233997,1745.78,1937.3,2047.2,2698.7
"224",1991.95965572889,1752.57,1936.8,2063.4,2701.9
"225",1991.96395911781,1748.13,1949.1,2063.4,2725.7
"226",1991.96826250672,1750.7,1963.7,2077.5,2737.8
"227",1991.97256589564,1747.91,1950.8,2063.6,2722.4
"228",1991.97686928456,1745.79,1953.5,2053.2,2720.5
"229",1991.98117267348,1735.34,1945,2017,2694.7
"230",1991.9854760624,1719.92,1921.1,2024,2682.6
"231",1991.98977945132,1763.59,1939.1,2051.6,2703.6
"232",1991.99408284024,1766.76,1928,2023.1,2700.6
"233",1991.99838622916,1785.4,1933.4,2030.8,2711.9
"234",1992.00268961807,1783.56,1925.7,2016.8,2702
"235",1992.00699300699,1804.42,1931.7,2045.1,2715
"236",1992.01129639591,1812.33,1928.7,2046.3,2715
"237",1992.01559978483,1799.51,1924.5,2029.6,2704.6
"238",1992.01990317375,1792.8,1914.2,2014.1,2698.6
"239",1992.02420656267,1792.8,1914.2,2014.1,2694.2
"240",1992.02850995159,1806.36,1920.6,2033.3,2707.6
"241",1992.03281334051,1798.23,1923.3,2017.4,2697.6
"242",1992.03711672942,1800.62,1930.4,2024.9,2705.9
"243",1992.04142011834,1786.19,1915.2,1992.6,2680.9
"244",1992.04572350726,1791.35,1916.9,1994.9,2681.9
"245",1992.05002689618,1789.05,1913.8,1981.6,2668.5
"246",1992.0543302851,1789.05,1913.8,1981.6,2645.8
"247",1992.05863367402,1784.71,1899.7,1962.2,2635.4
"248",1992.06293706294,1789.45,1888,1953.7,2636.1
"249",1992.06724045186,1779.74,1868.8,1928.8,2614.1
"250",1992.07154384077,1786.97,1879.9,1928.3,2603.7
"251",1992.07584722969,1773.25,1865.7,1918.1,2593.6
"252",1992.08015061861,1781.62,1881.3,1931.4,2616.3
"253",1992.08445400753,1773.75,1873.1,1908.8,2598.4
"254",1992.08875739645,1773.75,1862.5,1891.8,2562.7
"255",1992.09306078537,1776.34,1869.3,1913.9,2584.8
"256",1992.09736417429,1770.72,1846.9,1885.8,2550.3
"257",1992.10166756321,1772.39,1847.1,1895.8,2560.6
"258",1992.10597095212,1762.55,1838.3,1899.6,2532.6
"259",1992.11027434104,1764.35,1845.8,1920.3,2557.3
"260",1992.11457772996,1752.83,1835.5,1915.3,2534.1
"261",1992.11888111888,1755.98,1846.6,1907.3,2515.8
"262",1992.1231845078,1754.95,1854.8,1900.6,2521.2
"263",1992.12748789672,1759.9,1845.3,1880.9,2493.9
"264",1992.13179128564,1759.84,1854.5,1873.5,2476.1
"265",1992.13609467456,1776.5,1870.5,1883.6,2497.1
"266",1992.14039806348,1769.98,1862.6,1868.5,2469
"267",1992.14470145239,1766.98,1856.6,1879.1,2493.7
"268",1992.14900484131,1752.29,1837.6,1847.8,2472.6
"269",1992.15330823023,1760.17,1846.7,1861.8,2497.9
"270",1992.15761161915,1750.32,1856.5,1859.4,2490.8
"271",1992.16191500807,1731.44,1841.8,1859.4,2478.3
"272",1992.16621839699,1735.51,1835,1859.4,2484
"273",1992.17052178591,1733.84,1844.4,1853.3,2486.4
"274",1992.17482517483,1730.78,1838.9,1851.2,2483.4
"275",1992.17912856374,1699.46,1805.6,1801.8,2431.9
"276",1992.18343195266,1652.71,1756.6,1767.9,2403.7
"277",1992.18773534158,1654.09,1786.1,1762.7,2415.6
"278",1992.1920387305,1636.81,1757.1,1727.5,2387.9
"279",1992.19634211942,1622.81,1762.8,1734.6,2399.5
"280",1992.20064550834,1613.36,1756.8,1734.6,2377.2
"281",1992.20494889726,1617.78,1761.9,1755.4,2348
"282",1992.20925228618,1617.18,1778.5,1769,2373.4
"283",1992.21355567509,1637.62,1812.7,1801.6,2423.2
"284",1992.21785906401,1622.2,1806.1,1782.6,2411.6
"285",1992.22216245293,1608.49,1798.1,1754.7,2399.6
"286",1992.22646584185,1605.11,1794.9,1784.4,2420.2
"287",1992.23076923077,1609.61,1805.4,1787.6,2407.5
"288",1992.23507261969,1624.94,1820.3,1798,2392.8
"289",1992.23937600861,1618.07,1819.6,1793.8,2377.6
"290",1992.24367939753,1611.96,1809.6,1777.3,2350.1
"291",1992.24798278644,1578.95,1799.9,1755.2,2325.7
"292",1992.25228617536,1561.39,1800.3,1737.8,2309.6
"293",1992.25658956428,1547.87,1793.3,1730.1,2303.1
"294",1992.2608929532,1548.63,1784.8,1722.4,2318
"295",1992.26519634212,1560.16,1791.7,1753.5,2356.8
"296",1992.26949973104,1554.76,1800.2,1757.3,2376.1
"297",1992.27380311996,1531.87,1788.6,1736.7,2354.7
"298",1992.27810650888,1526.14,1775.7,1734.2,2363.5
"299",1992.28240989779,1509.03,1753.5,1724.2,2359.4
"300",1992.28671328671,1530.03,1768.2,1744.2,2365.7
"301",1992.29101667563,1484.97,1727.9,1689.7,2311.1
"302",1992.29532006455,1464.03,1709.6,1667.7,2281
"303",1992.29962345347,1475.11,1704.6,1667.8,2285
"304",1992.30392684239,1516.12,1740.6,1687.6,2311.6
"305",1992.30823023131,1519.69,1745.7,1687.5,2312.6
"306",1992.31253362023,1529.97,1751.7,1684.9,2312.6
"307",1992.31683700914,1516.44,1747.3,1674.2,2298.4
"308",1992.32114039806,1515.53,1757.8,1711.4,2313
"309",1992.32544378698,1543.89,1774.2,1780.5,2381.9
"310",1992.3297471759,1534.72,1774.4,1779,2362.2
"311",1992.33405056482,1538.66,1788.3,1779.3,2372.2
"312",1992.33835395374,1536.71,1788,1763.7,2337.7
"313",1992.34265734266,1523.83,1779.1,1756.8,2327.5
"314",1992.34696073158,1527.1,1792.8,1774.2,2340.6
"315",1992.35126412049,1530.2,1812,1802,2370.9
"316",1992.35556750941,1601.5,1872.1,1873.6,2422.1
"317",1992.35987089833,1580.29,1851.4,1836.2,2370
"318",1992.36417428725,1595.09,1873.4,1859.8,2378.3
"319",1992.36847767617,1579.47,1889.6,1852.7,2483.9
"320",1992.37278106509,1600.59,1897.5,1882.9,2567
"321",1992.37708445401,1566,1888.8,1826.1,2560.1
"322",1992.38138784293,1557.01,1900.4,1832.8,2586
"323",1992.38569123185,1542.74,1913.4,1828.9,2580.5
"324",1992.38999462076,1536.3,1909.9,1829.5,2621.2
"325",1992.39429800968,1510.66,1910.8,1843.5,2601
"326",1992.3986013986,1481.03,1879.2,1770.3,2560
"327",1992.40290478752,1483.83,1880.2,1731.9,2565.5
"328",1992.40720817644,1470.09,1878.3,1736.7,2553
"329",1992.41151156536,1484.78,1885.2,1724,2572.3
"330",1992.41581495428,1475.41,1867.6,1683.3,2549.7
"331",1992.4201183432,1402.34,1788,1611,2446.3
"332",1992.42442173211,1421.49,1820.5,1612.5,2488.4
"333",1992.42872512103,1434.61,1858.2,1654.2,2517.1
"334",1992.43302850995,1446.32,1870.3,1673.9,2538.8
"335",1992.43733189887,1437.65,1878.4,1657.3,2541.2
"336",1992.44163528779,1441.57,1881.5,1655.1,2557.2
"337",1992.44593867671,1471.64,1893.2,1685.1,2584.7
"338",1992.45024206563,1453.95,1889.3,1667.9,2574.7
"339",1992.45454545455,1453.79,1877.3,1650,2546.6
"340",1992.45884884346,1458.02,1884,1664.2,2563.9
"341",1992.46315223238,1479.59,1904.7,1679.1,2562.2
"342",1992.4674556213,1504.89,1922.7,1731.3,2617
"343",1992.47175901022,1496.54,1908.5,1722.2,2645.7
"344",1992.47606239914,1511,1911.4,1730.7,2658.1
"345",1992.48036578806,1528.86,1921.1,1766.4,2669.7
"346",1992.48466917698,1534.02,1930.8,1770.7,2661.6
"347",1992.4889725659,1536.6,1927.8,1774.5,2669.8
"348",1992.49327595481,1508.19,1908.3,1749.9,2650.4
"349",1992.49757934373,1493.54,1905.9,1730.9,2642.3
"350",1992.50188273265,1489.68,1911.1,1742.4,2658.3
"351",1992.50618612157,1482.44,1921.6,1742.4,2687.8
"352",1992.51048951049,1483.34,1933.6,1786.9,2705.6
"353",1992.51479289941,1470.57,1942,1804.1,2691.7
"354",1992.51909628833,1484.84,1951.5,1804.7,2711.1
"355",1992.52339967725,1487.71,1955.7,1793.6,2702.7
"356",1992.52770306616,1508.63,1957.4,1786.7,2695.4
"357",1992.53200645508,1515.27,1962.3,1798.5,2714.6
"358",1992.536309844,1509.84,1946.1,1798.5,2696.8
"359",1992.54061323292,1542.28,1950.2,1821.5,2726.4
"360",1992.54491662184,1541.79,1929.7,1796.8,2697.5
"361",1992.54922001076,1542.48,1913.4,1772.7,2679.6
"362",1992.55352339968,1550.27,1889.5,1764.4,2679.2
"363",1992.5578267886,1550.27,1882.8,1759.2,2704
"364",1992.56213017751,1543.37,1895.4,1722.3,2706.2
"365",1992.56643356643,1547.84,1897.9,1724.2,2732.4
"366",1992.57073695535,1523.62,1891.5,1674.8,2722.9
"367",1992.57504034427,1526.68,1880.1,1720.6,2727.1
"368",1992.57934373319,1513.42,1887,1721,2709.6
"369",1992.58364712211,1523.02,1891.4,1739.7,2741.8
"370",1992.58795051103,1529.69,1914.6,1749.7,2760.1
"371",1992.59225389995,1545.12,1931.2,1771.4,2778.8
"372",1992.59655728886,1546.82,1929.2,1792.3,2792
"373",1992.60086067778,1528.12,1924.3,1783.3,2764.1
"374",1992.6051640667,1530.65,1927,1799.4,2771
"375",1992.60946745562,1526.25,1935,1781.7,2759.4
"376",1992.61377084454,1519.48,1955.4,1788.6,2754.5
"377",1992.61807423346,1506.65,1962.2,1765.9,2769.8
"378",1992.62237762238,1504.3,1980.7,1791.2,2750.7
"379",1992.6266810113,1480.65,1987.7,1769.5,2726.5
"380",1992.63098440022,1476.7,1993.7,1758.7,2716.2
"381",1992.63528778913,1478.07,2015.7,1738.3,2721.8
"382",1992.63959117805,1479.62,2005,1744.8,2717.9
"383",1992.64389456697,1477.55,2023.9,1736.7,2732.8
"384",1992.64819795589,1472.59,2028.5,1735.2,2740.3
"385",1992.65250134481,1495.6,2044.9,1760.1,2789.7
"386",1992.65680473373,1517.45,2045.8,1786.3,2807.7
"387",1992.66110812265,1520.93,2057.3,1824.4,2842
"388",1992.66541151157,1527.06,2061.7,1821.1,2827.4
"389",1992.66971490048,1527.06,2061.7,1854.6,2827.5
"390",1992.6740182894,1527.06,2061.7,1854.6,2827.5
"391",1992.67832167832,1547.51,2092.3,1857.5,2827.5
"392",1992.68262506724,1545.82,2090.1,1870.3,2847.8
"393",1992.68692845616,1538.43,2105.4,1858.8,2832.5
"394",1992.69123184508,1538.43,2105.4,1857.8,2846.5
"395",1992.695535234,1538.43,2105.4,1857.8,2846.5
"396",1992.69983862292,1538.04,2117.7,1843.1,2861.5
"397",1992.70414201183,1554.03,2128.2,1850.8,2833.6
"398",1992.70844540075,1551.17,2124.7,1859.6,2826
"399",1992.71274878967,1538.37,2079.9,1844.5,2816.5
"400",1992.71705217859,1529.1,2074.9,1852.6,2799.2
"401",1992.72135556751,1522.26,2046.4,1814.6,2773.4
"402",1992.72565895643,1533.79,2079.8,1796.8,2757.9
"403",1992.72996234535,1510.18,2076.7,1782.5,2745.3
"404",1992.73426573427,1526.91,2104.5,1803.5,2759.2
"405",1992.73856912318,1555.52,2101.3,1827.1,2765.1
"406",1992.7428725121,1581.49,2084,1837.5,2763.1
"407",1992.74717590102,1572.61,2063.9,1837.7,2737.6
"408",1992.75147928994,1572.69,2062.7,1818.8,2748.7
"409",1992.75578267886,1580.64,2089.9,1812.2,2773.3
"410",1992.76008606778,1593.35,2102.9,1820.4,2781.2
"411",1992.7643894567,1571.28,2086,1779.9,2771.9
"412",1992.76869284562,1575.59,2085.9,1792.6,2835.7
"413",1992.77299623453,1561.78,2064.1,1777.4,2832.5
"414",1992.77729962345,1572.68,2072.7,1780.6,2816.9
"415",1992.78160301237,1574.04,2091,1772.2,2807.2
"416",1992.78590640129,1590.33,2120.2,1785.9,2851.6
"417",1992.79020979021,1584.14,2120.4,1787.3,2834.4
"418",1992.79451317913,1605.91,2117.6,1824.1,2873.8
"419",1992.79881656805,1615.98,2123.7,1854.4,2865.9
"420",1992.80311995697,1643.83,2132.2,1908.2,2862.9
"421",1992.80742334588,1646.85,2137,1904.7,2870
"422",1992.8117267348,1639.12,2134.8,1894.1,2831.3
"423",1992.81603012372,1642.8,2121.4,1893.3,2816.4
"424",1992.82033351264,1659.07,2127.5,1905.6,2834.3
"425",1992.82463690156,1649.64,2135.5,1912,2843
"426",1992.82894029048,1674.93,2144.8,1899.5,2845.9
"427",1992.8332436794,1651.6,2131,1878.2,2812.2
"428",1992.83754706832,1656.35,2112.9,1905,2814
"429",1992.84185045724,1670.9,2131.3,1926.5,2837.7
"430",1992.84615384615,1683.3,2117.8,1937.2,2840
"431",1992.85045723507,1679.41,2096.1,1959.2,2838.3
"432",1992.85476062399,1658.09,2051.5,1944.1,2818
"433",1992.85906401291,1652.92,2065.7,1953.4,2817
"434",1992.86336740183,1661.96,2061,1944.6,2828.7
"435",1992.86767079075,1680.02,2100.6,1983.7,2868
"436",1992.87197417967,1691.37,2120.5,1998.8,2882.6
"437",1992.87627756859,1701.46,2130.9,2001.5,2882.3
"438",1992.8805809575,1690.48,2142.4,1995.2,2918.6
"439",1992.88488434642,1685.46,2139.5,1986.8,2904.8
"440",1992.88918773534,1686.15,2134.6,1995.1,2916.6
"441",1992.89349112426,1702.27,2132.2,2004.3,2957.3
"442",1992.89779451318,1711.91,2150.1,2009.7,2949.9
"443",1992.9020979021,1714.48,2157,1992.4,2956.7
"444",1992.90640129102,1708.65,2165,1988.9,2953.4
"445",1992.91070467994,1688.74,2127.2,1965.2,2915.9
"446",1992.91500806885,1705.05,2157.2,1986,2922.4
"447",1992.91931145777,1700.28,2150.8,1975.3,2919.3
"448",1992.92361484669,1689.71,2139.1,1967.3,2889.9
"449",1992.92791823561,1696.38,2154.7,1963.5,2883.3
"450",1992.93222162453,1686.57,2182.4,1962.7,2900.1
"451",1992.93652501345,1656.59,2161.3,1939.3,2863.9
"452",1992.94082840237,1653.2,2166.3,1952.2,2861.1
"453",1992.94513179129,1666.72,2146.8,1954.6,2860.6
"454",1992.9494351802,1663.27,2135.7,2001.4,2852.8
"455",1992.95373856912,1667.26,2160.9,2025.8,2852.9
"456",1992.95804195804,1675.18,2175.7,2033.9,2846.5
"457",1992.96234534696,1686.64,2188.9,2035.9,2861
"458",1992.96664873588,1676.84,2190.3,2031.4,2878.7
"459",1992.9709521248,1670.04,2188.4,2005.9,2878.4
"460",1992.97525551372,1657.06,2190.3,1990.8,2869.9
"461",1992.97955890264,1658.36,2184,1974.7,2838.8
"462",1992.98386229155,1667.64,2196,1995.3,2832.2
"463",1992.98816568047,1654.6,2184.9,1984,2822.1
"464",1992.99246906939,1658.13,2188.3,1986.9,2821.8
"465",1992.99677245831,1658.13,2188.3,1986.9,2821.8
"466",1993.00107584723,1658.13,2188.3,1986.9,2821.8
"467",1993.00537923615,1671.54,2181.7,2018.1,2846.8
"468",1993.00968262507,1674.95,2165.7,2015.4,2842.1
"469",1993.01398601399,1674.67,2160.5,1988.6,2839.7
"470",1993.0182894029,1678.65,2162.9,1986.7,2824.4
"471",1993.02259279182,1687.14,2166.3,1968.9,2830
"472",1993.02689618074,1680.06,2170.8,1949.3,2856.1
"473",1993.03119956966,1666.49,2178.1,1931.9,2869.6
"474",1993.03550295858,1680.01,2177.3,1944.5,2881.1
"475",1993.0398063475,1656.03,2162.3,1916.6,2843.8
"476",1993.04410973642,1643.53,2140.4,1911.6,2822.3
"477",1993.04841312534,1636.59,2124.7,1927.4,2832.7
"478",1993.05271651426,1630.88,2138.2,1942.5,2797.3
"479",1993.05701990317,1618.6,2123.2,1920.6,2786.8
"480",1993.06132329209,1626.83,2129.7,1939,2813.1
"481",1993.06562668101,1632,2152.8,1937,2813.1
"482",1993.06993006993,1619.92,2160,1923.6,2812.6
"483",1993.07423345885,1628.88,2165.8,1926.3,2796.5
"484",1993.07853684777,1617.74,2165.4,1920.5,2786.3
"485",1993.08284023669,1607.7,2162.6,1878.6,2793.7
"486",1993.08714362561,1616.45,2179.1,1877.2,2829.7
"487",1993.09144701452,1613.46,2191.1,1854.5,2836.1
"488",1993.09575040344,1632.99,2191.5,1872.7,2860.8
"489",1993.10005379236,1636.02,2183.3,1879.9,2849.3
"490",1993.10435718128,1632.35,2186.3,1851.7,2847
"491",1993.1086605702,1630.37,2205.2,1835.7,2858.1
"492",1993.11296395912,1619.26,2227.2,1846.4,2847.3
"493",1993.11726734804,1606.64,2227,1836.8,2819.7
"494",1993.12157073696,1606.64,2227,1836.8,2816.8
"495",1993.12587412587,1613.98,2232.9,1836.8,2812.2
"496",1993.13017751479,1608.58,2237.4,1861.4,2825.6
"497",1993.13448090371,1623.05,2243.5,1891.1,2837.7
"498",1993.13878429263,1617.18,2247.5,1890.4,2846.9
"499",1993.14308768155,1633.18,2267.1,1904.6,2855.3
"500",1993.14739107047,1627.21,2271.6,1888.7,2840.7
"501",1993.15169445939,1627.21,2271.6,1888.7,2840.7
"502",1993.15599784831,1625.59,2253.8,1872.8,2849.2
"503",1993.16030123722,1628.53,2259.8,1875.8,2863
"504",1993.16460462614,1630.56,2269,1867.9,2852.8
"505",1993.16890801506,1638.47,2284.2,1859.7,2829.9
"506",1993.17321140398,1660.88,2309.7,1887.9,2844.8
"507",1993.1775147929,1662.28,2294.5,1893.7,2844.4
"508",1993.18181818182,1679.69,2312.5,1915.2,2866.9
"509",1993.18612157074,1679.69,2309.2,1911.2,2860
"510",1993.19042495966,1685.85,2308.6,1920.4,2861.8
"511",1993.19472834857,1686.44,2293.8,1916.8,2885.5
"512",1993.19903173749,1684.57,2274,1897.9,2870
"513",1993.20333512641,1689.93,2294.6,1918.8,2883
"514",1993.20763851533,1681.47,2323.4,1900.3,2875.7
"515",1993.21194190425,1687.14,2318,1910.3,2879.4
"516",1993.21624529317,1697.26,2329.5,1929.2,2903.4
"517",1993.22054868209,1698.33,2335,1935.3,2907.6
"518",1993.22485207101,1690.96,2323.9,1942.4,2900.7
"519",1993.22915545992,1692.16,2335.8,1963.3,2894.7
"520",1993.23345884884,1699.52,2347.3,1960.8,2887.5
"521",1993.23776223776,1712.33,2369.8,1991,2897
"522",1993.24206562668,1703.05,2371.9,1977.5,2886
"523",1993.2463690156,1700.93,2376.2,1971.9,2900
"524",1993.25067240452,1698.36,2375.5,1960.2,2888.8
"525",1993.25497579344,1697.39,2368.8,1941.2,2857.7
"526",1993.25927918236,1694.83,2364.4,1925.4,2838.5
"527",1993.26358257127,1705.66,2390.9,1935.1,2848.1
"528",1993.26788596019,1739.48,2372,1943.7,2848.3
"529",1993.27218934911,1798.63,2397.1,1980.4,2845.9
"530",1993.27649273803,1798.36,2403,1985.7,2843.2
"531",1993.28079612695,1808.74,2408.7,1992.2,2830.9
"532",1993.28509951587,1806.52,2418.1,1991.2,2837.1
"533",1993.28940290479,1815.63,2410.5,1991.2,2832.3
"534",1993.29370629371,1807.12,2399.9,1963.1,2831.7
"535",1993.29800968262,1829.36,2396.4,1974.9,2833
"536",1993.30231307154,1835.09,2381.8,1981.7,2842.9
"537",1993.30661646046,1826.45,2324.5,1968.4,2823.9
"538",1993.31091984938,1821.28,2313.7,1947.5,2814.1
"539",1993.3152232383,1828.53,2340.2,1965.7,2820.1
"540",1993.31952662722,1830.61,2350.5,1995,2827.7
"541",1993.32383001614,1859.49,2388.7,2006.2,2844.2
"542",1993.32813340506,1846.02,2398,1998.1,2879.4
"543",1993.33243679398,1832.2,2408.7,1989.5,2884.2
"544",1993.33674018289,1823.4,2401.5,2036,2917.6
"545",1993.34104357181,1823.07,2400.9,2085.9,2926.5
"546",1993.34534696073,1818.1,2400.7,2129,2941.7
"547",1993.34965034965,1857.36,2429.8,2110.6,2945
"548",1993.35395373857,1861.22,2431.5,2101.4,2941.3
"549",1993.35825712749,1870.8,2424.9,2115.3,2943.4
"550",1993.36256051641,1878.94,2423.3,2149.8,2969.8
"551",1993.36686390533,1870.24,2420.5,2138.5,2986.4
"552",1993.37116729424,1864.51,2384.5,2139.8,2971.6
"553",1993.37547068316,1894.56,2411.1,2167.4,3006.1
"554",1993.37977407208,1908.69,2449.5,2161.9,3009.1
"555",1993.384077461,1917.69,2461,2148,3010.1
"556",1993.38838084992,1903.44,2478.7,2148,3008.3
"557",1993.39268423884,1918.75,2464.9,2136.3,3025
"558",1993.39698762776,1930.29,2488,2160.8,3073.6
"559",1993.40129101668,1937.77,2480.6,2139.2,3065.5
"560",1993.40559440559,1909.53,2474.5,2128.2,3057.6
"561",1993.40989779451,1893.48,2467.3,2111.4,3042
"562",1993.41420118343,1907.65,2472.4,2123.4,3049.3
"563",1993.41850457235,1915.59,2499.7,2159.3,3079.2
"564",1993.42280796127,1890.58,2475.2,2173.6,3079.2
"565",1993.42711135019,1909.54,2478.6,2183.9,3100.6
"566",1993.43141473911,1929.56,2481,2205.7,3100.6
"567",1993.43571812803,1931.88,2488.5,2216.5,3100
"568",1993.44002151694,1923.67,2470.4,2191.9,3085.1
"569",1993.44432490586,1928.63,2463.8,2185.1,3072.6
"570",1993.44862829478,1920.43,2438.8,2156.1,3057.3
"571",1993.4529316837,1911.15,2392.5,2158,3055.4
"572",1993.45723507262,1878.77,2403.4,2137.3,3038.6
"573",1993.46153846154,1870.32,2397.9,2129.4,3035.4
"574",1993.46584185046,1870.46,2382.1,2108.8,3031.2
"575",1993.47014523938,1868.28,2363.6,2108.4,3037
"576",1993.47444862829,1874.38,2365.6,2119.1,3024.8
"577",1993.47875201721,1869.25,2388.3,2134.1,3028
"578",1993.48305540613,1852.81,2361.8,2078.5,2989.4
"579",1993.48735879505,1862.62,2374.4,2075.6,3003.9
"580",1993.49166218397,1884.67,2385.2,2099.5,3005.5
"581",1993.49596557289,1922.69,2418.4,2107.4,3004.5
"582",1993.50026896181,1922.05,2431.8,2094.4,3001.6
"583",1993.50457235073,1899.54,2414.6,2080,3007.5
"584",1993.50887573964,1902.14,2425.8,2057.5,3001.3
"585",1993.51317912856,1890.18,2445.9,2092.6,3005.2
"586",1993.51748251748,1914.4,2482.4,2108.6,3026.3
"587",1993.5217859064,1915.61,2478.3,2120,3036.9
"588",1993.52608929532,1908.97,2485.4,2126.8,3030.1
"589",1993.53039268424,1910.23,2473.1,2114.6,3037.5
"590",1993.53469607316,1920.46,2481.6,2116.7,3039.3
"591",1993.53899946208,1934.99,2490.3,2128.7,3067.7
"592",1993.543302851,1973.45,2521.3,2158.8,3085.2
"593",1993.54760623991,1994.09,2534.8,2164.5,3100.8
"594",1993.55190962883,1991.95,2528,2147.4,3092.4
"595",1993.55621301775,2015.71,2533.6,2156.4,3108.6
"596",1993.56051640667,2009.28,2548.5,2138.7,3102.2
"597",1993.56481979559,2004.11,2552.5,2126.9,3094.7
"598",1993.56912318451,1999.6,2571,2127.3,3080.9
"599",1993.57342657343,1995.35,2586.4,2113.9,3086.3
"600",1993.57772996235,2023.26,2612.6,2139.3,3120.8
"601",1993.58203335126,2032.25,2663.6,2145,3137.6
"602",1993.58633674018,2036.93,2660.7,2147.3,3129.6
"603",1993.5906401291,2029.87,2668.4,2149.7,3156.3
"604",1993.59494351802,2048.05,2690.1,2199.7,3188.3
"605",1993.59924690694,2083.62,2701.4,2231.9,3199
"606",1993.60355029586,2061.18,2685,2227.7,3184.8
"607",1993.60785368478,2048.75,2700.2,2210.4,3165.3
"608",1993.6121570737,2040.97,2715.9,2192,3154.3
"609",1993.61646046261,2053.66,2720.9,2196,3163
"610",1993.62076385153,2064.98,2723.2,2182,3171
"611",1993.62506724045,2068.51,2727.1,2182,3164.4
"612",1993.62937062937,2086.4,2742.9,2169.7,3164.1
"613",1993.63367401829,2086.22,2749.9,2171.2,3162.3
"614",1993.63797740721,2057.1,2706.6,2136,3149
"615",1993.64228079613,2013.65,2654.2,2081,3085.6
"616",1993.64658418505,2007.5,2675.3,2084.8,3077.6
"617",1993.65088757396,2040.74,2727.1,2112.9,3096
"618",1993.65519096288,2020.11,2742.1,2087.3,3098.5
"619",1993.6594943518,2021.81,2720.1,2087.3,3099.7
"620",1993.66379774072,2023.06,2721.1,2096.9,3099.1
"621",1993.66810112964,2047.2,2717.4,2117.9,3093.3
"622",1993.67240451856,2070.17,2712.3,2115.9,3097.5
"623",1993.67670790748,2070.17,2711.1,2148,3120
"624",1993.6810112964,2075.99,2727.1,2149.7,3125.5
"625",1993.68531468531,2072.13,2733.9,2145.2,3108
"626",1993.68961807423,2020.36,2696.5,2082.6,3070.6
"627",1993.69392146315,2027.99,2702.1,2071.5,3069.3
"628",1993.69822485207,2036.45,2717.8,2070.6,3067.2
"629",1993.70252824099,2057.8,2726.8,2118.4,3093.1
"630",1993.70683162991,2045.25,2741.9,2120.6,3111.4
"631",1993.71113501883,2052.09,2738.2,2119.3,3135.8
"632",1993.71543840775,2052.92,2738.5,2110.1,3166.9
"633",1993.71974179666,2089.77,2774.3,2154,3233.2
"634",1993.72404518558,2099.76,2787.2,2160.5,3223.9
"635",1993.7283485745,2128.3,2819,2188.4,3234.2
"636",1993.73265196342,2118.01,2836.4,2186.7,3237.3
"637",1993.73695535234,2127.39,2834.8,2176.1,3237.3
"638",1993.74125874126,2165.95,2843.8,2205.3,3277.4
"639",1993.74556213018,2166.58,2858.4,2211.4,3271.6
"640",1993.7498655191,2165.5,2861.2,2198.1,3261.3
"641",1993.75416890802,2163.83,2876.9,2196.3,3254.6
"642",1993.75847229693,2128.07,2867.8,2156.5,3248.4
"643",1993.76277568585,2129.52,2850.6,2162.6,3278.8
"644",1993.76707907477,2144.03,2867.7,2160.3,3311.2
"645",1993.77138246369,2154.76,2889.5,2196.4,3337.1
"646",1993.77568585261,2188.18,2909,2223.5,3364.9
"647",1993.77998924153,2183.78,2918,2215.9,3342.4
"648",1993.78429263045,2209.17,2942.4,2225.8,3355.7
"649",1993.78859601937,2227.63,2967.4,2243,3396.5
"650",1993.79289940828,2227.63,2967.4,2251.5,3412.3
"651",1993.7972027972,2266.7,2972.6,2276.6,3412.3
"652",1993.80150618612,2236.91,2930.9,2264.6,3412.3
"653",1993.80580957504,2229.62,2934.2,2281.9,3462
"654",1993.81011296396,2255.29,2957.6,2281.2,3428.8
"655",1993.81441635288,2255.29,2957.6,2268.2,3418.4
"656",1993.8187197418,2274.62,2996.2,2290.6,3418.4
"657",1993.82302313072,2249.85,2999.2,2274.3,3408.5
"658",1993.82732651963,2233.61,3009.4,2249.6,3379.2
"659",1993.83162990855,2220.63,3021.9,2275.1,3403
"660",1993.83593329747,2224.95,3042.9,2307.6,3446
"661",1993.84023668639,2225,3015.9,2317.3,3440.6
"662",1993.84454007531,2228.1,3026.6,2331.3,3413.8
"663",1993.84884346423,2182.06,2999,2281.9,3372
"664",1993.85314685315,2142.37,2949.9,2252.2,3360
"665",1993.85745024207,2151.05,2990.6,2262.3,3400.6
"666",1993.86175363098,2115.56,3011.1,2234.8,3407.8
"667",1993.8660570199,2130.35,3037.5,2247.4,3437
"668",1993.87036040882,2132.52,3049.4,2274.7,3475.1
"669",1993.87466379774,2098.36,3045.9,2257.8,3470
"670",1993.87896718666,2073.94,3039.3,2244,3484.2
"671",1993.88327057558,2107.29,3041.3,2274.5,3481.4
"672",1993.8875739645,2090.78,3066.5,2278.3,3444
"673",1993.89187735342,2128.66,3091.3,2282.4,3436.1
"674",1993.89618074233,2123.31,3095.2,2281,3427.3
"675",1993.90048413125,2156.61,3140.7,2313.2,3447.4
"676",1993.90478752017,2192.6,3178.4,2334.4,3491.8
"677",1993.90909090909,2181.88,3148.7,2331.3,3481.5
"678",1993.91339429801,2184.05,3169.1,2355.9,3520.3
"679",1993.91769768693,2137.08,3151.9,2322,3491.5
"680",1993.92200107585,2143.9,3166.6,2329.2,3475.4
"681",1993.92630446477,2095.11,3089.8,2287.1,3419.1
"682",1993.93060785368,2099.57,3097.2,2299.9,3440.2
"683",1993.9349112426,2116.43,3054.2,2302.1,3429.1
"684",1993.93921463152,2119.69,3012.2,2296.8,3407
"685",1993.94351802044,2108.77,3012.2,2275.1,3378.9
"686",1993.94782140936,2101.93,2947.1,2281.6,3363.5
"687",1993.95212479828,2130.71,2947.1,2258,3393.2
"688",1993.9564281872,2135.25,2947.1,2258,3417.7
"689",1993.96073157612,2162.29,3033.4,2281.2,3425.3
"690",1993.96503496503,2133.85,3025.9,2251.8,3382.6
"691",1993.96933835395,2108.06,2997.6,2215.2,3350.3
"692",1993.97364174287,2113.64,2982.8,2226.7,3333.7
"693",1993.97794513179,2140.25,3027.5,2252,3341.9
"694",1993.98224852071,2082.9,2958.4,2208.3,3267.5
"695",1993.98655190963,2075.33,2929.3,2199,3281.2
"696",1993.99085529855,2103.24,2888.2,2238.1,3328.1
"697",1993.99515868747,2057.2,2847.4,2183.1,3270.6
"698",1993.99946207639,2018.69,2768.5,2144.7,3248.1
"699",1994.0037654653,2044.45,2803.4,2144.7,3246.5
"700",1994.00806885422,2076.76,2865.2,2178.7,3278
"701",1994.01237224314,2132.12,2918.7,2219.9,3305.9
"702",1994.01667563206,2125.47,2902.4,2216.4,3264.4
"703",1994.02097902098,2118.01,2858.5,2199.7,3246.7
"704",1994.0252824099,2124.51,2861.2,2184.6,3233.9
"705",1994.02958579882,2101.89,2831.6,2175,3191.9
"706",1994.03388918774,2169.4,2870.5,2215,3233.4
"707",1994.03819257665,2178.91,2906.9,2258.5,3267.4
"708",1994.04249596557,2168.11,2887.1,2242.7,3242.9
"709",1994.04679935449,2160.45,2887.7,2247.8,3255.7
"710",1994.05110274341,2140.39,2843.5,2221.3,3218.1
"711",1994.05540613233,2130.55,2804.3,2202.7,3198
"712",1994.05970952125,2141.7,2824.7,2200.7,3201.5
"713",1994.06401291017,2162.96,2857,2200.2,3155.3
"714",1994.06831629909,2144.36,2850.8,2152.6,3121.7
"715",1994.072619688,2144,2831.8,2136.6,3129
"716",1994.07692307692,2167.72,2862.4,2144.5,3129.5
"717",1994.08122646584,2162.82,2827.4,2123.4,3123.4
"718",1994.08552985476,2151.84,2814.5,2083.9,3092.4
"719",1994.08983324368,2142.88,2794.8,2081.9,3086.4
"720",1994.0941366326,2142.88,2794.8,2081.9,3086.4
"721",1994.09844002152,2142.88,2794.8,2081.9,3086.4
"722",1994.10274341044,2177.09,2807.3,2100.3,3116.2
"723",1994.10704679935,2184.89,2830.2,2128.2,3131.5
"724",1994.11135018827,2202.57,2860.9,2119.6,3129
"725",1994.11565357719,2203.18,2873.4,2114.8,3120.8
"726",1994.11995696611,2224.85,2884,2145.3,3149.4
"727",1994.12426035503,2211.19,2887.8,2148.6,3159.1
"728",1994.12856374395,2215.19,2877.7,2152.4,3145.8
"729",1994.13286713287,2198.24,2843.7,2139.1,3131.7
"730",1994.13717052179,2211.92,2872.9,2159.6,3168.3
"731",1994.1414739107,2218.37,2869.1,2160.1,3138.2
"732",1994.14577729962,2193.89,2837.1,2136,3128
"733",1994.15008068854,2194.09,2818.7,2102.7,3098.3
"734",1994.15438407746,2194.41,2781.6,2092,3101.2
"735",1994.15868746638,2218.13,2787.9,2135.2,3133.7
"736",1994.1629908553,2208.68,2763.5,2116.3,3106.1
"737",1994.16729424422,2241.36,2776.2,2130.9,3125.3
"738",1994.17159763314,2256.98,2791.3,2147.3,3150
"739",1994.17590102205,2237.82,2768.9,2150.3,3129.9
"740",1994.18020441097,2252.51,2736.3,2166,3125.3
"741",1994.18450779989,2266.72,2765.2,2186.2,3125.3
"742",1994.18881118881,2261.71,2755.9,2179,3100
"743",1994.19311457773,2241.85,2705.6,2141.6,3070.5
"744",1994.19741796665,2249.78,2682.2,2162.6,3106
"745",1994.20172135557,2233.55,2641.4,2158.2,3106
"746",1994.20602474449,2218.77,2569.5,2139.4,3097.8
"747",1994.21032813341,2241.34,2629,2165,3136.3
"748",1994.21463152232,2248.02,2633,2176.7,3130.5
"749",1994.21893491124,2248.02,2633,2176.7,3137.8
"750",1994.22323830016,2257.33,2678.7,2187,3119.2
"751",1994.22754168908,2272.96,2709,2187.8,3115.6
"752",1994.231845078,2268.11,2727.1,2195.2,3123.5
"753",1994.23614846692,2254.21,2740.6,2184,3116.5
"754",1994.24045185584,2245.79,2725.8,2165.4,3122.8
"755",1994.24475524476,2238.97,2732.7,2155.4,3127.3
"756",1994.24905863367,2238.97,2732.7,2155.4,3108.4
"757",1994.25336202259,2188.01,2692,2133.3,3089.1
"758",1994.25766541151,2137.56,2673.1,2084.4,3020.7
"759",1994.26196880043,2146,2689.2,2091.9,3019.7
"760",1994.26627218935,2112.8,2711.9,2050.7,2966.4
"761",1994.27057557827,2129.76,2742.9,2052.5,2966.4
"762",1994.27487896719,2137.34,2722.9,2029.9,2970.5
"763",1994.27918235611,2113.62,2731.5,1979.7,2931.9
"764",1994.28348574502,2120.23,2725.9,2007.4,2980.8
"765",1994.28778913394,2158.88,2728.4,2041.7,2997.8
"766",1994.29209252286,2163.59,2781.4,2037.2,3009.4
"767",1994.29639591178,2131.8,2778.1,2023.7,3004.8
"768",1994.3006993007,2143.93,2801.1,2046.8,3038.2
"769",1994.30500268962,2131.14,2777.2,2028.4,3028.9
"770",1994.30930607854,2143.58,2763.8,2020.7,3055.9
"771",1994.31360946746,2084.42,2744.2,1977.7,3016.3
"772",1994.31791285637,2088.44,2740,1992,3039.6
"773",1994.32221624529,2073.21,2701.8,1966.4,3045.8
"774",1994.32651963421,2047.29,2666.6,1942.8,3030.1
"775",1994.33082302313,2031.8,2627.6,1936,3022.9
"776",1994.33512641205,1986.42,2545,1903,2971.1
"777",1994.33942980097,1957.08,2544.2,1890.8,2940.2
"778",1994.34373318989,2004.93,2595.7,1917,2960.4
"779",1994.34803657881,2032.52,2626.7,1939,2942.4
"780",1994.35233996772,2005.07,2577.2,1907,2876.6
"781",1994.35664335664,2000.48,2561.4,1911.6,2899.9
"782",1994.36094674556,2022.25,2604.4,1925.8,2909
"783",1994.36525013448,2042.45,2631.2,1936.3,2946.3
"784",1994.3695535234,2020.85,2608.8,1892,2919.2
"785",1994.37385691232,2040.69,2588.9,1872.9,2936.4
"786",1994.37816030124,2061.7,2636.4,1866.2,2970.4
"787",1994.38246369016,2034.64,2609.7,1878.7,2965
"788",1994.38676707907,2031.33,2598.9,1889,2946.7
"789",1994.39107046799,2049.1,2590.5,1920.8,2964.4
"790",1994.39537385691,2047.83,2560.3,1920.8,2962.4
"791",1994.39967724583,2069.46,2562.5,1949.8,2983.8
"792",1994.40398063475,2048.57,2508,1942.1,2963.9
"793",1994.40828402367,2051.25,2474.5,1974.6,3005.3
"794",1994.41258741259,2070.71,2528.3,1974.6,3050.4
"795",1994.41689080151,2103.54,2514.9,1974.6,3074.8
"796",1994.42119419043,2116.96,2494.7,2025.1,3082
"797",1994.42549757934,2129.86,2521.6,2052.3,3091.3
"798",1994.42980096826,2120.97,2562.3,2043.7,3077.2
"799",1994.43410435718,2126.75,2579.4,2053.8,3095.1
"800",1994.4384077461,2148.23,2599.2,2041.4,3114.7
"801",1994.44271113502,2144.21,2601.2,2059.8,3106.1
"802",1994.44701452394,2163.32,2604.4,2076.8,3117.2
"803",1994.45131791286,2135.93,2544.9,2055.7,3082.3
"804",1994.45562130178,2134.12,2559.3,2053.4,3095.9
"805",1994.45992469069,2152.19,2579.5,2075,3082.6
"806",1994.46422807961,2161.5,2579.5,2069.6,3097.4
"807",1994.46853146853,2193.63,2629.7,2117.2,3157.5
"808",1994.47283485745,2190.83,2620.7,2115,3160.4
"809",1994.47713824637,2176.66,2615.3,2096.5,3150.5
"810",1994.48144163529,2188.81,2600.8,2107.1,3167.5
"811",1994.48574502421,2182.32,2617.5,2106.3,3171.9
"812",1994.49004841313,2160.56,2585.5,2074.5,3168.6
"813",1994.49435180204,2166.51,2591.4,2064.2,3167
"814",1994.49865519096,2156.31,2588.8,2038.9,3138.2
"815",1994.50295857988,2133.74,2580.5,2007,3142.3
"816",1994.5072619688,2134.34,2570.6,2007,3142.2
"817",1994.51156535772,2152.65,2588.7,2012.4,3147.3
"818",1994.51586874664,2166.56,2599.3,2035,3190.3
"819",1994.52017213556,2151.44,2582.7,2010.5,3182.6
"820",1994.52447552448,2143.84,2557,2001.3,3191.4
"821",1994.52877891339,2113.37,2532.4,1972.6,3171.3
"822",1994.53308230231,2121.25,2530.9,2000.6,3175.1
"823",1994.53738569123,2132.98,2541.1,2006.3,3205.2
"824",1994.54168908015,2153.48,2551.1,2026.5,3234.2
"825",1994.54599246907,2190.58,2581.3,2062.7,3265.1
"826",1994.55029585799,2215.72,2635.2,2075.3,3265.1
"827",1994.55459924691,2205.82,2635.7,2060.4,3249.6
"828",1994.55890263583,2207.09,2645.6,2069.1,3251.3
"829",1994.56320602474,2185.78,2628.4,2034.9,3216.5
"830",1994.56750941366,2197.38,2672,2020.4,3222.7
"831",1994.57181280258,2173.6,2674.5,1998.2,3241.5
"832",1994.5761161915,2158.07,2652.4,1961.5,3205.4
"833",1994.58041958042,2167.68,2662.5,1964.2,3203.9
"834",1994.58472296934,2178.1,2664.1,1983.4,3180
"835",1994.58902635826,2155.58,2642.1,1948.8,3139.3
"836",1994.59332974718,2155.81,2643,1966.8,3128.8
"837",1994.59763313609,2157.15,2658.8,1969.4,3121.4
"838",1994.60193652501,2118.17,2637.7,1952.9,3079.8
"839",1994.60623991393,2129.36,2628.6,1977.3,3112.7
"840",1994.61054330285,2097.45,2603.3,1924.6,3065.1
"841",1994.61484669177,2100.55,2614.7,1922.9,3079.1
"842",1994.61915008069,2059.15,2593,1919.3,3037.3
"843",1994.62345346961,2067.17,2594,1897.2,3014.8
"844",1994.62775685853,2072.81,2602.9,1899.4,3021.2
"845",1994.63206024744,2097.33,2609.1,1927.4,3028.2
"846",1994.63636363636,2057.83,2586.1,1902.7,2999.8
"847",1994.64066702528,2056.89,2581,1901.3,3008.5
"848",1994.6449704142,2070.36,2590,1905,3038.7
"849",1994.64927380312,2016.08,2558,1876.2,2992.5
"850",1994.65357719204,2002.3,2534.4,1879.3,3026.3
"851",1994.65788058096,2002.3,2499.5,1852.8,2983.5
"852",1994.66218396988,1988.67,2522.5,1876.1,3001.8
"853",1994.66648735879,1946.49,2480.4,1833.7,2956.3
"854",1994.67079074771,1965.41,2484.8,1843.4,2984.4
"855",1994.67509413663,1977.67,2496.9,1856.4,2998.7
"856",1994.67939752555,2048.56,2553.4,1898.3,3032.3
"857",1994.68370091447,2087.71,2570.2,1919,3073
"858",1994.68800430339,2072.68,2562.7,1918.1,3100.5
"859",1994.69230769231,2108.08,2593.3,1955.6,3141.9
"860",1994.69661108123,2118.52,2585.3,1933,3106.7
"861",1994.70091447015,2095.58,2575.6,1906.4,3120.2
"862",1994.70521785906,2069.58,2542.5,1898.6,3085.3
"863",1994.70952124798,2055.94,2529.8,1876.3,3060.8
"864",1994.7138246369,2048.15,2530.9,1867.4,3063.2
"865",1994.71812802582,2016.6,2508.6,1842.1,3032.8
"866",1994.72243141474,2022.64,2525.2,1841.6,3029.1
"867",1994.72673480366,1995.85,2494.7,1824.4,3000.9
"868",1994.73103819258,2009.45,2477.2,1831.5,2999.9
"869",1994.7353415815,2026.37,2458.6,1858.1,3029.6
"870",1994.73964497041,2064.86,2490.5,1905.7,3083.8
"871",1994.74394835933,2061.58,2506.5,1905.7,3097.4
"872",1994.74825174825,2066.18,2503.9,1905.7,3096.3
"873",1994.75255513717,2039.91,2500,1873.6,3081.3
"874",1994.75685852609,2061.37,2534.8,1911.1,3104.4
"875",1994.76116191501,2069.39,2541,1931.7,3097.6
"876",1994.76546530393,2043.3,2557.9,1906.1,3065.8
"877",1994.76976869285,2056.36,2543.9,1921.5,3063.8
"878",1994.77407208176,2090.78,2590.4,1943.9,3099.6
"879",1994.77837547068,2098.04,2602.7,1948.4,3103.5
"880",1994.7826788596,2073.67,2597.8,1948.4,3075.9
"881",1994.78698224852,2091.04,2590.9,1941.1,3095.3
"882",1994.79128563744,2112.21,2591.9,1954.5,3135.4
"883",1994.79558902636,2112.21,2609.4,1950.2,3146.5
"884",1994.79989241528,2091.94,2600.9,1927.5,3127.5
"885",1994.8041958042,2089.48,2606.5,1926.5,3131
"886",1994.80849919311,2097.2,2607,1927.8,3121
"887",1994.81280258203,2073.29,2571.8,1911.4,3078.7
"888",1994.81710597095,2040.05,2546.1,1893.1,3027.5
"889",1994.82140935987,2058.79,2568.6,1934.7,3036.6
"890",1994.82571274879,2056.27,2572.5,1945.9,3033.5
"891",1994.83001613771,2050.82,2579.4,1952.4,3047.1
"892",1994.83431952663,2036.24,2584.7,1940,3061.1
"893",1994.83862291555,2057.08,2594.9,1975.9,3081.4
"894",1994.84292630446,2045.54,2576,1964,3039.6
"895",1994.84722969338,2042.38,2577.5,1982.7,3017.3
"896",1994.8515330823,2067.26,2611,1973.7,3033.5
"897",1994.85583647122,2046.99,2589.1,1969,3016.1
"898",1994.86013986014,2044.04,2584.3,1969.8,3012.5
"899",1994.86444324906,2041.85,2589.3,1954.1,3013.8
"900",1994.86874663798,2024.19,2576,1937,2977.3
"901",1994.8730500269,2003.64,2562.8,1919.3,2943.4
"902",1994.87735341581,2019.13,2566,1917.1,2946.4
"903",1994.88165680473,2040.94,2581.4,1930.2,2980.6
"904",1994.88596019365,2054.23,2598,1931.1,2973.4
"905",1994.89026358257,2069.9,2604.7,1924.2,3013.6
"906",1994.89456697149,2066.59,2600.7,1928.1,3034.4
"907",1994.89887036041,2080.16,2614.7,1924.7,3058.1
"908",1994.90317374933,2095.5,2636.1,1940.9,3070.4
"909",1994.90747713825,2102.25,2649.8,1952.1,3091.7
"910",1994.91178052717,2100.98,2651,1949.9,3083.4
"911",1994.91608391608,2100.98,2651,1966.6,3083.4
"912",1994.920387305,2110.77,2673.5,1956,3083.4
"913",1994.92469069392,2097.34,2656.2,1927.8,3095.8
"914",1994.92899408284,2074.68,2628.8,1894.2,3065.6
"915",1994.93329747176,2097.51,2628.8,1881.2,3065.5
"916",1994.93760086068,2079.19,2628.8,1881.2,3065.5
"917",1994.9419042496,2068.92,2612.3,1885.9,3065.7
"918",1994.94620763852,2072.9,2632.4,1901.8,3051.6
"919",1994.95051102743,2051.46,2613.1,1871.5,3032.3
"920",1994.95481441635,2058.2,2622.3,1886.4,3065
"921",1994.95911780527,2053.41,2617.3,1864.2,3055.8
"922",1994.96342119419,2062.08,2600.4,1859.2,3060.4
"923",1994.96772458311,2061.76,2597,1849.1,3049.4
"924",1994.97202797203,2059.68,2600.5,1844.1,3033.2
"925",1994.97633136095,2064.14,2600.2,1854,3048.3
"926",1994.98063474987,2088.25,2591.6,1872.8,3076.7
"927",1994.98493813878,2081.39,2582.8,1856.9,3054
"928",1994.9892415277,2085.62,2593.6,1860.3,3054.9
"929",1994.99354491662,2079.6,2595.5,1837.1,3028.6
"930",1994.99784830554,2050.86,2574.6,1813.3,2995.9
"931",1995.00215169446,2013.03,2525.3,1772.8,2954.2
"932",1995.00645508338,2027.67,2534.8,1780.2,2969
"933",1995.0107584723,2026.97,2525.5,1802.5,2982.2
"934",1995.01506186122,2040.79,2554.7,1826.3,3007.3
"935",1995.01936525013,2030.56,2552.4,1814.1,3022.2
"936",1995.02366863905,2026.68,2540.2,1813.4,2995.9
"937",1995.02797202797,2024.82,2536.9,1797.9,2991.6
"938",1995.03227541689,2047.44,2560.8,1827.8,3017.3
"939",1995.03657880581,2038.46,2563.7,1816.1,3034.7
"940",1995.04088219473,2077.94,2589.4,1842.4,3059.7
"941",1995.04518558365,2085.08,2621.4,1872.1,3062
"942",1995.04948897257,2093.01,2628,1870.4,3072.7
"943",1995.05379236148,2087.78,2617.4,1850.9,3072.5
"944",1995.0580957504,2117.8,2636.9,1874.4,3099
"945",1995.06239913932,2127.56,2635.4,1869.4,3109.9
"946",1995.06670252824,2118.96,2636,1850.1,3081.1
"947",1995.07100591716,2128.33,2642.4,1856.1,3071.3
"948",1995.07530930608,2135.49,2636,1861.9,3074.9
"949",1995.079612695,2112.06,2621,1835,3051.1
"950",1995.08391608392,2119.29,2601,1822.5,3044.2
"951",1995.08821947283,2101.98,2597.2,1802.2,3018.6
"952",1995.09252286175,2101.82,2609.6,1805.6,3023.4
"953",1995.09682625067,2096.26,2610,1804.4,3019.5
"954",1995.10112963959,2126.44,2632.1,1827,3049.3
"955",1995.10543302851,2117.59,2623.3,1805.7,3037.7
"956",1995.10973641743,2106.05,2607.5,1802.2,3025.3
"957",1995.11403980635,2097.85,2600.4,1776.9,3009.3
"958",1995.11834319527,2127.21,2619.2,1808.4,3041.2
"959",1995.12264658419,2116.64,2617.2,1807.4,3038.2
"960",1995.1269499731,2094.16,2586.5,1795.2,3025.1
"961",1995.13125336202,2069.95,2553.2,1773.3,3001.9
"962",1995.13555675094,2041.26,2543.1,1748.6,2977
"963",1995.13986013986,2029.38,2515.8,1756.8,2992.1
"964",1995.14416352878,1989.2,2461.5,1727.1,2986.9
"965",1995.1484669177,2008.85,2467.7,1743.1,3021.1
"966",1995.15277030662,1974.14,2450.3,1721.8,3011.8
"967",1995.15707369554,2022.5,2463.3,1769,3050.6
"968",1995.16137708445,1995.22,2475,1738.6,3047
"969",1995.16568047337,2016.15,2491.7,1785.8,3094.1
"970",1995.16998386229,1979.52,2497.5,1788.8,3089.3
"971",1995.17428725121,1984.99,2516,1811.6,3124.2
"972",1995.17859064013,1984.15,2505.5,1813.8,3135
"973",1995.18289402905,1978.07,2501.9,1818,3139.7
"974",1995.18719741797,1935.08,2480.7,1795.7,3136.4
"975",1995.19150080689,1935.87,2526.6,1817.3,3153.4
"976",1995.1958041958,1928.82,2518.1,1836.1,3149.8
"977",1995.20010758472,1911.7,2495.6,1837.2,3128.3
"978",1995.20441097364,1918.85,2495,1852.4,3142.3
"979",1995.20871436256,1949.76,2533.1,1893,3176.2
"980",1995.21301775148,1914.69,2508.9,1859.5,3137.9
"981",1995.2173211404,1934.96,2511.1,1864,3143.1
"982",1995.22162452932,1965.68,2536.2,1882.8,3188.1
"983",1995.22592791824,1972.59,2536.3,1872.9,3190.2
"984",1995.23023130715,1976.52,2556.1,1890.2,3200.9
"985",1995.23453469607,1978.71,2559.3,1900.4,3210.9
"986",1995.23883808499,1980.81,2561.2,1880.9,3204.2
"987",1995.24314147391,1979.26,2563.1,1869.3,3190.9
"988",1995.24744486283,1991.08,2562.4,1871.9,3209.8
"989",1995.25174825175,1982.99,2560.3,1881.1,3208.8
"990",1995.25605164067,1982.99,2560.3,1881.1,3208.8
"991",1995.26035502959,1982.99,2560.3,1881.1,3208.8
"992",1995.2646584185,1954.62,2547.1,1855.7,3194.5
"993",1995.26896180742,1943.88,2516.8,1874.9,3170.1
"994",1995.27326519634,1955.33,2544.2,1882,3174.7
"995",1995.27756858526,1987.7,2560.8,1928.4,3199.9
"996",1995.28187197418,1978.97,2554.8,1918.5,3209.3
"997",1995.2861753631,2007.57,2561.1,1945.9,3214.9
"998",1995.29047875202,2028.52,2574.4,1942.3,3226.2
"999",1995.29478214094,2024.25,2567,1931,3217.6
"1000",1995.29908552985,2017.95,2597.2,1918.5,3216.7
"1001",1995.30338891877,2017.95,2597.2,1918.5,3220.4
"1002",1995.30769230769,2036.47,2621.4,1936.9,3248.2
"1003",1995.31199569661,2037.99,2618.6,1971.1,3262.6
"1004",1995.31629908553,2034.15,2641.7,1946.2,3264.3
"1005",1995.32060247445,2021.22,2650.5,1927.4,3251.7
"1006",1995.32490586337,2030.65,2658.8,1927.4,3251.7
"1007",1995.32920925229,2050.66,2655.6,1988.7,3261.2
"1008",1995.33351264121,2064.41,2661.4,1996.7,3290.1
"1009",1995.33781603012,2086.41,2701,2003.6,3317.9
"1010",1995.34211941904,2102.4,2728.2,2017.3,3310.3
"1011",1995.34642280796,2092,2739,1991.5,3310.7
"1012",1995.35072619688,2109.36,2746.6,2001.3,3300.8
"1013",1995.3550295858,2088.99,2739.8,2004.7,3297.4
"1014",1995.35933297472,2083.8,2727.7,1989.8,3285.8
"1015",1995.36363636364,2064.42,2701,1965.5,3261
"1016",1995.36793975256,2096.87,2751.2,1979.5,3284.5
"1017",1995.37224314147,2083.55,2750.4,1965.3,3291.8
"1018",1995.37654653039,2105.88,2778.5,1960.7,3327.3
"1019",1995.38084991931,2105.88,2778.5,1960.7,3328.2
"1020",1995.38515330823,2065.71,2751.7,1919.1,3311.1
"1021",1995.38945669715,2069.26,2762.5,1927.8,3311.1
"1022",1995.39376008607,2081.46,2779.4,1927.3,3309.9
"1023",1995.39806347499,2099.95,2786.4,1948,3319.4
"1024",1995.40236686391,2119.24,2807.8,1960.8,3340.6
"1025",1995.40667025282,2132.72,2805.3,1971.3,3345
"1026",1995.41097364174,2132.72,2805.3,1971.3,3376.6
"1027",1995.41527703066,2154.17,2809.7,1965.9,3380
"1028",1995.41958041958,2136.72,2819.6,1974.7,3370.8
"1029",1995.4238838085,2137.21,2806.8,1951.2,3380.8
"1030",1995.42818719742,2107.16,2795.3,1897,3337.7
"1031",1995.43249058634,2127.79,2802.3,1907.8,3344.6
"1032",1995.43679397526,2124.25,2800.9,1922.8,3348
"1033",1995.44109736417,2124.84,2798.1,1893.7,3339.8
"1034",1995.44540075309,2130.78,2800.2,1920.7,3370.4
"1035",1995.44970414201,2125.06,2775.4,1905,3366.1
"1036",1995.45400753093,2154.13,2803,1918.4,3381.3
"1037",1995.45831091985,2140.36,2805.6,1896.1,3377.2
"1038",1995.46261430877,2144.88,2816.8,1902.8,3378.3
"1039",1995.46691769769,2144.88,2843.3,1925.2,3403.8
"1040",1995.47122108661,2144.88,2837.7,1895.1,3379.4
"1041",1995.47552447552,2137.36,2830.3,1902.4,3309.2
"1042",1995.47982786444,2128.99,2845.1,1877.7,3313.2
"1043",1995.48413125336,2091.3,2836.8,1865.5,3282.7
"1044",1995.48843464228,2094.68,2845.6,1861.9,3294
"1045",1995.4927380312,2089.04,2825.3,1858.8,3314.6
"1046",1995.49704142012,2099.68,2827.5,1879.7,3323.7
"1047",1995.50134480904,2110.13,2847.5,1889.4,3349.2
"1048",1995.50564819796,2117.63,2843.7,1907.8,3394.9
"1049",1995.50995158687,2111.35,2833.7,1889.5,3388.3
"1050",1995.51425497579,2163.37,2848.4,1950.8,3462.9
"1051",1995.51855836471,2184.39,2842.9,1949.4,3455
"1052",1995.52286175363,2194.15,2847.3,1961.3,3464
"1053",1995.52716514255,2200.32,2867.9,1961.7,3450.6
"1054",1995.53146853147,2193.72,2869.7,1948.3,3447.2
"1055",1995.53577192039,2191.25,2863.4,1948.3,3429.2
"1056",1995.54007530931,2201.36,2892.3,1951.5,3442.6
"1057",1995.54437869822,2183.71,2875.1,1929,3420.7
"1058",1995.54868208714,2195.31,2856.2,1931.2,3405.3
"1059",1995.55298547606,2183.52,2822.2,1905.9,3400.4
"1060",1995.55728886498,2196.54,2830.2,1908.9,3413.1
"1061",1995.5615922539,2232.02,2836.6,1926.6,3431.6
"1062",1995.56589564282,2232.23,2833.2,1941.3,3432.9
"1063",1995.57019903174,2237.73,2827.1,1942.5,3454.3
"1064",1995.57450242066,2239.36,2824.7,1947.9,3458.3
"1065",1995.57880580957,2217.91,2833.1,1932.8,3468.9
"1066",1995.58310919849,2222.51,2826.8,1920,3463.3
"1067",1995.58741258741,2211.26,2826.8,1917.8,3449.9
"1068",1995.59171597633,2249.6,2852.3,1960,3499.9
"1069",1995.59601936525,2234.86,2814.3,1950.8,3475.6
"1070",1995.60032275417,2236.68,2807.1,1957.1,3482.4
"1071",1995.60462614309,2244.56,2800.6,1950.4,3483.5
"1072",1995.60892953201,2236.89,2797.4,1954.7,3468.8
"1073",1995.61323292093,2222.28,2781.3,1943.7,3468.3
"1074",1995.61753630984,2236.72,2802.6,1949.2,3474.7
"1075",1995.62183969876,2228.44,2820.1,1946.2,3467.5
"1076",1995.62614308768,2208.41,2807.2,1946.2,3441.4
"1077",1995.6304464766,2236.73,2838.4,1946.2,3444.4
"1078",1995.63474986552,2251.64,2880.6,1970.4,3465.1
"1079",1995.63905325444,2253.93,2880,1967.3,3470.6
"1080",1995.64335664336,2265.86,2889.5,1971.6,3509.8
"1081",1995.64766003228,2269.6,2886.7,1984.4,3535.7
"1082",1995.65196342119,2258.97,2900.8,1963.3,3530.2
"1083",1995.65626681011,2262.66,2896.8,1957.4,3515.9
"1084",1995.66057019903,2253.91,2887.1,1939.2,3520
"1085",1995.66487358795,2257.34,2893.8,1937.8,3524.9
"1086",1995.66917697687,2240.31,2883.3,1890.1,3524.9
"1087",1995.67348036579,2230.27,2887.3,1899.5,3502.6
"1088",1995.67778375471,2251.3,2915.7,1921.4,3504
"1089",1995.68208714363,2234.23,2908.8,1883.4,3477.8
"1090",1995.68639053254,2242.76,2918.3,1881.7,3509.4
"1091",1995.69069392146,2263.08,2952.7,1900.5,3522.7
"1092",1995.69499731038,2266.57,2971.1,1902.5,3532.4
"1093",1995.6993006993,2266.37,2999.6,1884.8,3557.7
"1094",1995.70360408822,2263.27,2989.1,1861.7,3545.6
"1095",1995.70790747714,2266.77,2989.2,1854.9,3554.5
"1096",1995.71221086606,2268.26,2986.3,1869.7,3549.3
"1097",1995.71651425498,2266.07,2990.5,1873.6,3535.9
"1098",1995.72081764389,2300.72,3016.8,1898.2,3570.8
"1099",1995.72512103281,2300.29,3011.6,1892.4,3565.4
"1100",1995.72942442173,2305.58,3025.4,1880,3564.6
"1101",1995.73372781065,2289.49,3008.1,1871.7,3533.3
"1102",1995.73803119957,2306.66,3033.5,1882.5,3541.4
"1103",1995.74233458849,2294.15,3029,1863.8,3561.5
"1104",1995.74663797741,2275.72,3039.1,1853.9,3557.9
"1105",1995.75094136633,2204.44,2994.7,1790.7,3514.8
"1106",1995.75524475524,2212.97,3015.3,1800.6,3507
"1107",1995.75954814416,2232.02,3045.5,1816.3,3523.3
"1108",1995.76385153308,2190.9,3009.8,1791.8,3485
"1109",1995.768154922,2184.24,3000.6,1767.6,3479
"1110",1995.77245831092,2201.27,3014.8,1788.4,3508.2
"1111",1995.77676169984,2197.01,3039,1780.7,3520.2
"1112",1995.78106508876,2197.01,3049,1800.7,3524.2
"1113",1995.78536847768,2211.6,3036.5,1803.9,3544.1
"1114",1995.78967186659,2191.54,3036.6,1800.3,3544.4
"1115",1995.79397525551,2176.35,3054,1809.6,3526.5
"1116",1995.79827864443,2157.41,3064,1785.7,3510.3
"1117",1995.80258203335,2137.01,3050,1778,3460.1
"1118",1995.80688542227,2153.56,3073,1794.4,3474.3
"1119",1995.81118881119,2159.73,3083.7,1803.8,3523.8
"1120",1995.81549220011,2206.11,3109.2,1817,3568
"1121",1995.81979558903,2193.85,3116.3,1790.5,3557.3
"1122",1995.82409897795,2185.52,3112.3,1779.7,3562.2
"1123",1995.82840236686,2197.57,3135.4,1770.7,3593
"1124",1995.83270575578,2176.09,3124.5,1757.3,3578.6
"1125",1995.8370091447,2148.12,3120.4,1740.7,3551.4
"1126",1995.84131253362,2116.86,3041.7,1721.1,3531.5
"1127",1995.84561592254,2114.88,3062.3,1724.2,3535.3
"1128",1995.84991931146,2140.74,3078.9,1764.1,3537.8
"1129",1995.85422270038,2142.74,3080,1754.1,3519.6
"1130",1995.8585260893,2112.01,3026.6,1742.4,3497.9
"1131",1995.86282947821,2149.71,3057.9,1795.3,3510
"1132",1995.86713286713,2165.76,3108.2,1814,3529.1
"1133",1995.87143625605,2182.11,3128.5,1814,3518.7
"1134",1995.87573964497,2180.49,3123.4,1828.7,3523
"1135",1995.88004303389,2169.69,3137.6,1832.1,3500.4
"1136",1995.88434642281,2168.57,3123.2,1822.6,3514.8
"1137",1995.88864981173,2174.27,3133.8,1857.4,3522.4
"1138",1995.89295320065,2184.05,3132.6,1866.3,3537.1
"1139",1995.89725658956,2182.47,3150.1,1852.6,3541.6
"1140",1995.90155997848,2174.78,3130.4,1839.8,3523.4
"1141",1995.9058633674,2195.15,3121.4,1838.2,3536.8
"1142",1995.91016675632,2197.34,3133,1838.2,3547.9
"1143",1995.91447014524,2196.64,3124.8,1875.2,3571.4
"1144",1995.91877353416,2199.29,3148.4,1905.1,3610.8
"1145",1995.92307692308,2196.59,3152.5,1890.5,3609.2
"1146",1995.927380312,2204.01,3182.2,1881.4,3628.8
"1147",1995.93168370091,2201.9,3183.9,1872.9,3604.1
"1148",1995.93598708983,2194.53,3201,1875.5,3632.4
"1149",1995.94029047875,2197.26,3209.2,1867.1,3602.5
"1150",1995.94459386767,2210.92,3220.1,1891,3624
"1151",1995.94889725659,2247.97,3251,1889.8,3649
"1152",1995.95320064551,2242.91,3229.5,1870.3,3648.8
"1153",1995.95750403443,2249.75,3245.9,1857.3,3655.5
"1154",1995.96180742335,2254.95,3251.6,1828.3,3664.3
"1155",1995.96611081226,2266.56,3261.2,1820.9,3664.3
"1156",1995.97041420118,2261.08,3278.4,1774.9,3669.7
"1157",1995.9747175901,2269.34,3278.5,1814.9,3664.2
"1158",1995.97902097902,2274.94,3281.5,1834.8,3662.8
"1159",1995.98332436794,2260.62,3245.7,1846.8,3639.5
"1160",1995.98762775686,2277.7,3246.6,1856.3,3630
"1161",1995.99193114578,2277.7,3261.6,1849.6,3652.1
"1162",1995.9962345347,2278.64,3280.9,1848.9,3654.9
"1163",1996.00053792361,2283.26,3273.4,1833.8,3662.4
"1164",1996.00484131253,2286.21,3272.2,1875,3671.6
"1165",1996.00914470145,2283.84,3289.8,1859.3,3642.6
"1166",1996.01344809037,2240.24,3251.6,1820.5,3596.1
"1167",1996.01775147929,2241.43,3217.7,1810.2,3576.9
"1168",1996.02205486821,2268.07,3254.3,1831.2,3613.7
"1169",1996.02635825713,2268.35,3255,1834.4,3633.3
"1170",1996.03066164605,2280.81,3277.9,1873.4,3658.3
"1171",1996.03496503497,2280.81,3277.9,1873.4,3658.3
"1172",1996.03926842388,2280.81,3277.9,1866.7,3658.3
"1173",1996.0435718128,2280.44,3317.1,1877,3676.4
"1174",1996.04787520172,2273.9,3297.7,1879.1,3676.7
"1175",1996.05217859064,2260.69,3297.7,1872,3689.3
"1176",1996.05648197956,2260.69,3297.7,1872,3689.3
"1177",1996.06078536848,2307.7,3297.7,1908.4,3687.9
"1178",1996.0650887574,2326.18,3384.5,1943,3715.6
"1179",1996.06939214632,2332.81,3395.8,1931.2,3714.1
"1180",1996.07369553523,2315.66,3376.1,1917.7,3704.5
"1181",1996.07799892415,2336.76,3368.1,1916.6,3720.6
"1182",1996.08230231307,2351.47,3361.5,1916.3,3720.6
"1183",1996.08660570199,2340.31,3314.8,1910.1,3671.5
"1184",1996.09090909091,2330.98,3284.1,1897.9,3654.9
"1185",1996.09521247983,2353.89,3292.9,1907.6,3657.3
"1186",1996.09951586875,2361.38,3233.9,1924.4,3662.7
"1187",1996.10381925767,2379.43,3254.8,1952.1,3710.6
"1188",1996.10812264658,2375.63,3219.3,1966,3704.2
"1189",1996.1124260355,2389.62,3257.8,1960.1,3748.7
"1190",1996.11672942442,2400.58,3253.1,1964.3,3748.4
"1191",1996.12103281334,2391.74,3249.9,1954.4,3754.2
"1192",1996.12533620226,2393.12,3219,1934.1,3735
"1193",1996.12963959118,2436.68,3221.3,1946,3758.2
"1194",1996.1339429801,2437.02,3211.2,1950.2,3734.2
"1195",1996.13824636902,2449.71,3191.4,1966.7,3734.7
"1196",1996.14254975793,2437.7,3198.2,1980.7,3734.6
"1197",1996.14685314685,2456.09,3236.8,2003.1,3735.3
"1198",1996.15115653577,2463,3248.7,2021,3759.3
"1199",1996.15545992469,2472.53,3279.9,2024.1,3752.8
"1200",1996.15976331361,2459.81,3270,2022.2,3781.3
"1201",1996.16406670253,2416.84,3221.7,1985.6,3746.6
"1202",1996.16837009145,2437.98,3253.8,1988.5,3747.5
"1203",1996.17267348037,2442.43,3262.7,1983.3,3726.1
"1204",1996.17697686928,2411.49,3245.6,1956.2,3708.4
"1205",1996.1812802582,2435.07,3242.7,1960.7,3716.3
"1206",1996.18558364712,2428.59,3253.1,1967.7,3726.6
"1207",1996.18988703604,2436.09,3260.1,1983.3,3747.6
"1208",1996.19419042496,2427.77,3266.1,1956.4,3745
"1209",1996.19849381388,2426.51,3272.2,1964.2,3779.8
"1210",1996.2027972028,2423.6,3280.3,1952.5,3770.9
"1211",1996.20710059172,2387.6,3270.6,1939.7,3744.3
"1212",1996.21140398063,2373.01,3243.5,1932.4,3714.6
"1213",1996.21570736955,2401.59,3253,1936.9,3725.6
"1214",1996.22001075847,2421.93,3264.4,1953.3,3740
"1215",1996.22431414739,2449.52,3296.2,1976.9,3740.3
"1216",1996.22861753631,2438.73,3298.6,1960.9,3704.2
"1217",1996.23292092523,2449.09,3309.9,1974.5,3715.9
"1218",1996.23722431415,2486.95,3360.5,1996.9,3738.2
"1219",1996.24152770307,2485.18,3354.8,1990.8,3727.6
"1220",1996.24583109198,2488.85,3385.5,2017.2,3752.7
"1221",1996.2501344809,2486.83,3400.6,2015.3,3768.6
"1222",1996.25443786982,2472.52,3383.4,2001.9,3777.1
"1223",1996.25874125874,2471.38,3408.3,2005.9,3758.9
"1224",1996.26304464766,2479.38,3581.9,2008,3758.2
"1225",1996.26734803658,2448.8,3549.7,1975.5,3710.3
"1226",1996.2716514255,2419.72,3506.2,1948.9,3674.5
"1227",1996.27595481442,2415.29,3540.5,1932.1,3639.5
"1228",1996.28025820334,2417,3558.3,1944.3,3640.3
"1229",1996.28456159225,2432.46,3578.4,1962.4,3681.8
"1230",1996.28886498117,2458,3561.1,1950.1,3644.8
"1231",1996.29316837009,2472.55,3583.6,1965,3669.6
"1232",1996.29747175901,2484.74,3605.1,1967.2,3693
"1233",1996.30177514793,2491.73,3611.1,1969.8,3685.4
"1234",1996.30607853685,2505.32,3629.3,1976.9,3698.3
"1235",1996.31038192577,2479.84,3647.7,1974.4,3707
"1236",1996.31468531469,2514.8,3677,2003.8,3681.9
"1237",1996.3189887036,2505.78,3658.1,2008,3660.9
"1238",1996.32329209252,2523.81,3671,2030.5,3672.4
"1239",1996.32759548144,2502.94,3640.3,2020,3672.6
"1240",1996.33189887036,2489.35,3646.5,2044.8,3699.7
"1241",1996.33620225928,2500.75,3654.3,2055.6,3718.4
"1242",1996.3405056482,2508.11,3648.3,2070.4,3728.5
"1243",1996.34480903712,2489.52,3606.7,2064,3725.1
"1244",1996.34911242604,2498.75,3611.1,2075,3755.6
"1245",1996.35341581495,2498.75,3611.1,2075,3755.6
"1246",1996.35771920387,2498.75,3611.1,2075,3755.6
"1247",1996.36202259279,2510.81,3594.4,2081.7,3758.6
"1248",1996.36632598171,2525.59,3601.5,2093.9,3767.4
"1249",1996.37062937063,2508.12,3566.9,2072.5,3744.2
"1250",1996.37493275955,2526.74,3575.5,2074.7,3766.8
"1251",1996.37923614847,2540.79,3589.6,2080.6,3790.5
"1252",1996.38353953739,2547.32,3607.5,2097.3,3825.3
"1253",1996.3878429263,2519.82,3603.9,2075.1,3805.6
"1254",1996.39214631522,2524.18,3601.2,2086,3820.7
"1255",1996.39644970414,2535.86,3628.1,2092.5,3857.1
"1256",1996.40075309306,2549.27,3673.2,2116.5,3852.7
"1257",1996.40505648198,2549.12,3647.3,2112,3833
"1258",1996.4093598709,2524.84,3668.4,2122.1,3817.6
"1259",1996.41366325982,2538.68,3668.1,2116.4,3819.3
"1260",1996.41796664874,2539.88,3696,2138.4,3832.8
"1261",1996.42227003765,2505.97,3658.2,2130.8,3809.2
"1262",1996.42657342657,2492.63,3651,2146.8,3817.9
"1263",1996.43087681549,2492.63,3651,2146.8,3806
"1264",1996.43518020441,2465.49,3635.8,2136.8,3776.4
"1265",1996.43948359333,2472.43,3611.2,2115.4,3751.6
"1266",1996.44378698225,2473.52,3591.6,2090.4,3751.6
"1267",1996.44809037117,2476.79,3583.6,2083.7,3723
"1268",1996.45239376009,2466.21,3534.1,2083.7,3707.3
"1269",1996.456697149,2470.57,3521.6,2085.4,3728.3
"1270",1996.46100053792,2499.02,3556.9,2114.8,3754.4
"1271",1996.46530392684,2496.33,3557.8,2100.9,3739.2
"1272",1996.46960731576,2528.2,3582.4,2122.1,3759.7
"1273",1996.47391070468,2534.4,3572.5,2124.6,3776.2
"1274",1996.4782140936,2534.4,3572.5,2124.6,3753.6
"1275",1996.48251748252,2552.29,3593,2136.9,3789.6
"1276",1996.48682087144,2541.98,3584,2120.6,3778.2
"1277",1996.49112426036,2564.12,3587.3,2129.7,3789.4
"1278",1996.49542764927,2548.79,3550,2103.5,3764.2
"1279",1996.49973103819,2546.55,3547.4,2114.5,3747
"1280",1996.50403442711,2549.53,3572.2,2117.7,3752.1
"1281",1996.50833781603,2549.53,3572.2,2117.7,3752.1
"1282",1996.51264120495,2559.15,3583.8,2132.9,3760.2
"1283",1996.51694459387,2548.53,3558.2,2117.1,3775.7
"1284",1996.52124798279,2535.78,3537.7,2108.4,3746.7
"1285",1996.52555137171,2523.81,3556.1,2110.1,3747.8
"1286",1996.52985476062,2543.99,3544.6,2121.1,3739.2
"1287",1996.53415814954,2550.42,3568.1,2111,3755.2
"1288",1996.53846153846,2551.03,3572,2115.4,3753.4
"1289",1996.54276492738,2559.02,3585.5,2133.2,3760.3
"1290",1996.5470683163,2536.03,3547.9,2102,3706.8
"1291",1996.55137170522,2552.96,3575.8,2120.8,3728.8
"1292",1996.55567509414,2571.1,3575.6,2137.5,3755.7
"1293",1996.55997848306,2569.9,3600.9,2137.3,3769.2
"1294",1996.56428187197,2566.13,3607.4,2126.2,3761.7
"1295",1996.56858526089,2544.9,3593.9,2111.8,3753.6
"1296",1996.57288864981,2549.71,3600.1,2113,3761.5
"1297",1996.57719203873,2554.12,3628.3,2107.9,3756.4
"1298",1996.58149542765,2546.04,3643.6,2100.7,3753.2
"1299",1996.58579881657,2532.22,3655.4,2077.1,3727.5
"1300",1996.59010220549,2547.78,3687.3,2084.2,3722.3
"1301",1996.59440559441,2562.19,3701.5,2097.6,3710.8
"1302",1996.59870898332,2578.36,3699.6,2118.4,3679.5
"1303",1996.60301237224,2572.06,3723.5,2113.3,3695.5
"1304",1996.60731576116,2551.8,3703,2112.9,3678.8
"1305",1996.61161915008,2570.44,3732.9,2123.7,3711
"1306",1996.615922539,2573.44,3728.2,2118.8,3725.6
"1307",1996.62022592792,2565.32,3750.8,2111.8,3725.7
"1308",1996.62452931684,2566.32,3757,2114,3714.1
"1309",1996.62883270576,2578.74,3771.3,2126.8,3760.6
"1310",1996.63313609467,2568.79,3731.2,2098.8,3743.2
"1311",1996.63743948359,2561.51,3732.8,2079.1,3741.5
"1312",1996.64174287251,2562.24,3773.4,2076.6,3752.3
"1313",1996.64604626143,2573,3788,2081.9,3765.8
"1314",1996.65034965035,2561.95,3810,2073.4,3749
"1315",1996.65465303927,2548.97,3785.8,2050.6,3728.3
"1316",1996.65895642819,2529.5,3755.4,2029.5,3698.3
"1317",1996.66325981711,2475.98,3678.1,1989.5,3632.3
"1318",1996.66756320602,2497.69,3656.2,1995.1,3658.2
"1319",1996.67186659494,2505.56,3649.2,2007.3,3693.4
"1320",1996.67616998386,2498.35,3661.5,1992.8,3710.5
"1321",1996.68047337278,2468.32,3566.1,1960.3,3681.3
"1322",1996.6847767617,2488.82,3585.2,1982.2,3708.4
"1323",1996.68908015062,2459.13,3482.6,1954.1,3668.8
"1324",1996.69338353954,2464.51,3537.4,1974.7,3684.7
"1325",1996.69768692846,2469.51,3537.8,1962.9,3673.3
"1326",1996.70199031738,2472.25,3549.5,1961.1,3678.8
"1327",1996.70629370629,2466.84,3518.2,1968.5,3668.5
"1328",1996.71059709521,2491.5,3494.4,1995.9,3703.2
"1329",1996.71490048413,2504.16,3494.4,2009.9,3734.4
"1330",1996.71920387305,2520.26,3604.6,2023.4,3770.6
"1331",1996.72350726197,2520.52,3623.3,2013.2,3788.3
"1332",1996.72781065089,2527.73,3629,1999.3,3788.4
"1333",1996.73211403981,2541.41,3662.6,1996.7,3811.1
"1334",1996.73641742873,2534.63,3653.4,1997.4,3811.4
"1335",1996.74072081764,2532.96,3643.2,1985.4,3810.7
"1336",1996.74502420656,2529.14,3623.1,1978.2,3803.3
"1337",1996.74932759548,2545.65,3630.2,1980.6,3823.4
"1338",1996.7536309844,2544.61,3650.7,1979.5,3830.3
"1339",1996.75793437332,2542.75,3646.3,1979.5,3837.4
"1340",1996.76223776224,2567.96,3670.5,1979.5,3872.9
"1341",1996.76654115116,2556.25,3664.4,1986.2,3863.7
"1342",1996.77084454008,2562.12,3698.2,2019.3,3883.2
"1343",1996.77514792899,2534.44,3683.8,2000.6,3872.1
"1344",1996.77945131791,2559.42,3713,2017.8,3891.1
"1345",1996.78375470683,2562.12,3725.4,2020.8,3907.5
"1346",1996.78805809575,2554.42,3714.6,2020.4,3907.5
"1347",1996.79236148467,2563.59,3722.4,2018,3905.7
"1348",1996.79666487359,2556.64,3692.6,2002.9,3918.7
"1349",1996.80096826251,2548.84,3682.6,1977.6,3885
"1350",1996.80527165143,2534.49,3646.3,1970.6,3867.6
"1351",1996.80957504034,2538.34,3654.7,1977,3884.4
"1352",1996.81387842926,2528.73,3623.9,1971.4,3855.9
"1353",1996.81818181818,2526.18,3634.2,1984.8,3872.7
"1354",1996.8224852071,2532.55,3627.1,1996.2,3887.2
"1355",1996.82678859602,2542.74,3637.8,2004.8,3893
"1356",1996.83109198494,2549.71,3684.4,2020.3,3910.8
"1357",1996.83539537386,2568.77,3694.2,2042.1,3916.1
"1358",1996.83969876278,2568.7,3678.9,2038.1,3905.6
"1359",1996.84400215169,2588.04,3687.2,2065.4,3932.6
"1360",1996.84830554061,2614.5,3716.8,2080.4,3967.9
"1361",1996.85260892953,2630.24,3722.7,2086.2,3977.2
"1362",1996.85691231845,2626.43,3690,2080.9,3972.3
"1363",1996.86121570737,2621.2,3690.1,2072.7,3955.7
"1364",1996.86551909629,2625.46,3694.9,2082.3,3974.3
"1365",1996.86982248521,2641.5,3694.9,2079.5,3964.1
"1366",1996.87412587413,2624.18,3635.5,2067.1,3919.7
"1367",1996.87842926304,2643.42,3661.2,2081.5,3910.5
"1368",1996.88273265196,2663.1,3697.7,2103.4,3935.7
"1369",1996.88703604088,2664.96,3699.5,2104.1,3933.2
"1370",1996.8913394298,2659.86,3696.6,2107.1,3946.4
"1371",1996.89564281872,2655.49,3736.4,2132.8,3953.7
"1372",1996.89994620764,2654.34,3737.5,2123.2,3992.2
"1373",1996.90424959656,2685.29,3760.2,2141.8,4015.1
"1374",1996.90855298548,2685.29,3771.6,2136.1,4000
"1375",1996.91285637439,2704.25,3771.6,2152.7,4024.8
"1376",1996.91715976331,2705.21,3813.7,2151.6,4031.5
"1377",1996.92146315223,2702.6,3818.1,2161.5,4035.6
"1378",1996.92576654115,2685.23,3807.9,2146.7,4009.3
"1379",1996.93006993007,2683.52,3797.3,2135.6,3994.7
"1380",1996.93437331899,2692.69,3805.2,2147.1,4028.1
"1381",1996.93867670791,2700.83,3813.7,2143.6,4038.7
"1382",1996.94298009683,2718.73,3822.2,2168.3,4050.8
"1383",1996.94728348574,2705.06,3790.2,2158.5,4024.4
"1384",1996.95158687466,2717.5,3793.2,2165.3,4042.1
"1385",1996.95589026358,2727.56,3803.3,2185.2,4053.1
"1386",1996.9601936525,2733.67,3788.2,2180.2,4073.1
"1387",1996.96449704142,2721.74,3775.3,2175.6,4057.2
"1388",1996.96880043034,2678.89,3742.9,2148.9,4028.4
"1389",1996.97310381926,2681.94,3753.6,2151.6,3999.4
"1390",1996.97740720818,2690.79,3758.7,2162.4,4022.4
"1391",1996.9817105971,2703.33,3763.5,2150.4,4025.3
"1392",1996.98601398601,2675.5,3732,2125.7,3993.5
"1393",1996.99031737493,2664.72,3723.1,2124.8,3963.9
"1394",1996.99462076385,2671.4,3725.3,2140.5,3979.1
"1395",1996.99892415277,2670.19,3736.1,2140.5,3948.5
"1396",1997.00322754169,2678.73,3749.2,2142.2,3928.1
"1397",1997.00753093061,2716.16,3784.8,2187.3,3921.1
"1398",1997.01183431953,2735.28,3815.4,2213.4,3935.7
"1399",1997.01613770845,2724.25,3811.5,2211.8,3900.4
"1400",1997.02044109736,2732.29,3812,2205.2,3910.8
"1401",1997.02474448628,2730.44,3827.6,2205.2,3914.4
"1402",1997.0290478752,2764,3829.8,2229.1,3934.3
"1403",1997.03335126412,2770.61,3825.7,2217.2,3926.9
"1404",1997.03765465304,2784.39,3856.4,2218.2,3926.1
"1405",1997.04195804196,2800.6,3897.9,2240.3,3958.2
"1406",1997.04626143088,2768.68,3888.3,2228.8,3962.1
"1407",1997.0505648198,2781.54,3892.6,2240.1,3978.1
"1408",1997.05486820871,2766.08,3883.3,2233.4,3962.8
"1409",1997.05917159763,2765.29,3861.5,2233.6,3953.8
"1410",1997.06347498655,2769.47,3882.8,2255.5,4018.7
"1411",1997.06777837547,2800.52,3891.7,2277.1,4054.6
"1412",1997.07208176439,2808.62,3878.2,2275.1,4068.4
"1413",1997.07638515331,2793.86,3845.3,2270.8,4049.2
"1414",1997.08068854223,2829.68,3884.1,2290.3,4050.2
"1415",1997.08499193115,2848.84,3902.5,2315.7,4058
"1416",1997.08929532006,2853.46,3874,2318.6,4038.5
"1417",1997.09359870898,2900.76,3924.5,2349.1,4061.5
"1418",1997.0979020979,2880.89,3910.6,2308.7,4045.2
"1419",1997.10220548682,2894.43,3913.8,2292.5,4051.2
"1420",1997.10650887574,2832.53,3835.5,2240.7,3963
"1421",1997.11081226466,2870.3,3874,2255.8,4011.6
"1422",1997.11511565358,2890.95,3885.4,2251.4,4035.7
"1423",1997.1194190425,2836.36,3857.6,2213.3,3982.5
"1424",1997.12372243141,2846.94,3860,2212.1,3990.7
"1425",1997.12802582033,2815.77,3839.3,2203.4,3972.4
"1426",1997.13232920925,2841.16,3869.2,2222.6,3993.8
"1427",1997.13663259817,2808.5,3850.4,2193.7,3979.6
"1428",1997.14093598709,2814.23,3874,2218.9,4018.2
"1429",1997.14523937601,2824.83,3880.8,2248.7,4051.3
"1430",1997.14954276493,2835.54,3890.1,2278.5,4077.6
"1431",1997.15384615385,2844.09,3875.5,2287.4,4087.2
"1432",1997.15814954276,2844.09,3869.8,2289.6,4092.5
"1433",1997.16245293168,2844.09,3869.8,2289.6,4092.5
"1434",1997.1667563206,2844.09,3869.8,2303.8,4092.5
"1435",1997.17105970952,2859.22,3922.2,2307,4091
"1436",1997.17536309844,2880.07,3948.3,2318.6,4115.7
"1437",1997.17966648736,2880.07,3942.2,2315.7,4118.5
"1438",1997.18396987628,2880.07,3942.2,2315.7,4118.5
"1439",1997.1882732652,2820.81,3942.2,2257,4057.4
"1440",1997.19257665412,2863.26,3940.1,2282.8,4089.5
"1441",1997.19688004303,2890.2,3923.8,2306.7,4106.5
"1442",1997.20118343195,2876.34,3922.9,2301.7,4078.8
"1443",1997.20548682087,2904.08,3944.9,2331.6,4087.5
"1444",1997.20979020979,2936.69,3966.2,2349.1,4087
"1445",1997.21409359871,2915.81,3947.4,2327.5,4056.6
"1446",1997.21839698763,2956.78,3975.5,2361.3,4107.3
"1447",1997.22270037655,2978.84,3983.6,2402.1,4168.2
"1448",1997.22700376547,2976.56,3979.6,2388,4158.9
"1449",1997.23130715438,2996.12,4007.1,2407.8,4197.5
"1450",1997.2356105433,3006.87,4019.9,2425.1,4207.7
"1451",1997.23991393222,2999.19,4009.5,2406.1,4194
"1452",1997.24421732114,3000.66,4023.1,2409.9,4195.5
"1453",1997.24852071006,3026.63,4115.4,2442.5,4219.1
"1454",1997.25282409898,3037.28,4161,2461.3,4219.1
"1455",1997.2571274879,2982.63,4125.5,2430.3,4218.8
"1456",1997.26143087682,2992.55,4127.3,2435.2,4212
"1457",1997.26573426573,3028.27,4182.3,2482.8,4237.4
"1458",1997.27003765465,2997.95,4169.7,2465,4207.5
"1459",1997.27434104357,3018.58,4209.1,2503.1,4228.4
"1460",1997.27864443249,3037.7,4272.2,2516.6,4275.8
"1461",1997.28294782141,3064.7,4282.8,2508.6,4257.8
"1462",1997.28725121033,3067.48,4296.5,2503.1,4260.9
"1463",1997.29155459925,3114.73,4305.5,2541.3,4281.5
"1464",1997.29585798817,3124.78,4309.8,2558.4,4265.9
"1465",1997.30016137708,3161.36,4357.9,2597.5,4307.8
"1466",1997.304464766,3185.72,4384.3,2595.4,4307.7
"1467",1997.30876815492,3191.45,4408.4,2582.1,4304.3
"1468",1997.31307154384,3211.01,4444.1,2599.3,4304.3
"1469",1997.31737493276,3256.86,4436.3,2628.4,4327.1
"1470",1997.32167832168,3249.17,4464.2,2627.4,4341
"1471",1997.3259817106,3260.3,4514.6,2634.5,4337.8
"1472",1997.33028509952,3230.83,4490.7,2617.5,4332.3
"1473",1997.33458848843,3209.04,4525.5,2594.8,4357.4
"1474",1997.33889187735,3197.09,4530.8,2575.2,4356.1
"1475",1997.34319526627,3203.79,4522.5,2562.8,4336.8
"1476",1997.34749865519,3180.63,4463.2,2567.9,4331.1
"1477",1997.35180204411,3233.34,4503.9,2607.7,4344.7
"1478",1997.35610543303,3245.02,4539,2602.2,4329.3
"1479",1997.36040882195,3272.58,4519.7,2629.4,4339.2
"1480",1997.36471221087,3261.04,4487.6,2607.8,4308.3
"1481",1997.36901559978,3258.74,4460.1,2600.3,4307.1
"1482",1997.3733189887,3345.09,4513.7,2651.7,4357.7
"1483",1997.37762237762,3375.45,4547.1,2666.2,4360.1
"1484",1997.38192576654,3396.55,4605.2,2698.9,4399.3
"1485",1997.38622915546,3419.51,4638.9,2708.3,4420.3
"1486",1997.39053254438,3426.77,4684.4,2709.2,4437.4
"1487",1997.3948359333,3430.95,4677.1,2686.2,4444.3
"1488",1997.39913932222,3382.4,4676.2,2641.7,4422.5
"1489",1997.40344271114,3367.82,4609.9,2632.1,4397.7
"1490",1997.40774610005,3404.29,4636.2,2645.6,4424.3
"1491",1997.41204948897,3337.11,4556.5,2588.4,4373.3
"1492",1997.41635287789,3289.59,4519.9,2574,4356.8
"1493",1997.42065626681,3305.72,4535.1,2596.8,4332.2
"1494",1997.42495965573,3247.03,4442.9,2553.7,4258.1
"1495",1997.42926304465,3288.52,4491.3,2587.1,4254.8
"1496",1997.43356643357,3302.57,4497.3,2579.3,4214.8
"1497",1997.43786982249,3374.93,4558.6,2624.3,4270.7
"1498",1997.4421732114,3439.22,4620.5,2648.7,4301.5
"1499",1997.44647660032,3407.83,4659.2,2656.7,4312.9
"1500",1997.45077998924,3407.83,4659.2,2656.7,4312.9
"1501",1997.45508337816,3407.83,4659.2,2656.7,4312.9
"1502",1997.45938676708,3281.46,4501.7,2581.8,4248.1
"1503",1997.463690156,3210.94,4488.7,2530.3,4236.6
"1504",1997.46799354492,3212.82,4463.9,2514.5,4214.6
"1505",1997.47229693384,3235.35,4471.5,2518,4236.6
"1506",1997.47660032275,3342.77,4588,2572.3,4271.7
"1507",1997.48090371167,3328.13,4582.6,2579,4269.3
"1508",1997.48520710059,3364.76,4634.9,2617.6,4292.3
"1509",1997.48951048951,3352.58,4626.6,2608,4313.2
"1510",1997.49381387843,3319.24,4604.2,2574.6,4270.7
"1511",1997.49811726735,3297.52,4586.3,2566.1,4251.7
"1512",1997.50242065627,3369.26,4643.4,2620.6,4286.8
"1513",1997.50672404519,3347.54,4625.6,2621,4294.6
"1514",1997.5110274341,3361.8,4665.7,2615.2,4298.9
"1515",1997.51533082302,3361.2,4699.1,2547.6,4310.5
"1516",1997.51963421194,3328.41,4740.1,2522.7,4328.7
"1517",1997.52393760086,3348.9,4752.3,2514.7,4346.1
"1518",1997.52824098978,3366.87,4781.1,2533.6,4387.7
"1519",1997.5325443787,3396.49,4836.1,2539.8,4388.5
"1520",1997.53684776762,3357.57,4772.3,2536.3,4369.7
"1521",1997.54115115654,3372.96,4793.3,2550.3,4389.7
"1522",1997.54545454545,3425.86,4855.1,2602.9,4433.2
"1523",1997.54975793437,3438.09,4897.6,2639.5,4436
"1524",1997.55406132329,3438.09,4897.6,2639.5,4445
"1525",1997.55836471221,3491.08,4953.5,2655.3,4455.6
"1526",1997.56266810113,3565.69,5029.6,2672.8,4455.6
"1527",1997.56697149005,3548.52,4988.4,2651.9,4519.3
"1528",1997.57127487897,3537.45,5016,2643.3,4537.5
"1529",1997.57557826789,3537.45,5016,2643.3,4580.4
"1530",1997.5798816568,3533.21,5004.7,2633.9,4630.9
"1531",1997.58418504572,3593.14,5042.5,2693.1,4669.6
"1532",1997.58848843464,3559.29,5084.2,2719.6,4691
"1533",1997.59279182356,3588.57,5134.3,2774.6,4686.9
"1534",1997.59709521248,3564.85,5141.7,2776,4681.2
"1535",1997.6013986014,3569.26,5157.5,2784.3,4693.9
"1536",1997.60570199032,3569.26,5157.5,2784.3,4645.2
"1537",1997.61000537924,3516.2,5081,2751.1,4607.5
"1538",1997.61430876815,3600.4,5178.6,2786.4,4642
"1539",1997.61861215707,3575.44,5176.4,2741.7,4651.8
"1540",1997.62291554599,3621.72,5181,2762.9,4661.8
"1541",1997.62721893491,3669.31,5196.7,2654.7,4661.8
"1542",1997.63152232383,3665.43,5190,2680.3,4681.6
"1543",1997.63582571275,3626.6,5133.1,2583.2,4677.5
"1544",1997.64012910167,3635.38,5132.1,2579.2,4672.3
"1545",1997.64443249059,3562.73,5041.6,2583.9,4621.3
"1546",1997.64873587951,3596.4,5150,2601.5,4562.8
"1547",1997.65303926842,3655.59,5207.2,2624.5,4557.8
"1548",1997.65734265734,3651.59,5238.5,2635.4,4557.1
"1549",1997.66164604626,3684.6,5251.2,2690.9,4576.2
"1550",1997.66594943518,3700.53,5320,2719.3,4645
"1551",1997.6702528241,3668.61,5368.8,2686.2,4686.7
"1552",1997.67455621302,3671.16,5361.9,2664.2,4739.6
"1553",1997.67885960194,3671.87,5308.6,2696.2,4724.8
"1554",1997.68316299086,3737.16,5364.2,2760.3,4757.4
"1555",1997.68746637977,3752.37,5384.6,2808.5,4783.1
"1556",1997.69176976869,3750.02,5362,2795.9,4745.1
"1557",1997.69607315761,3721.18,5345.9,2762.6,4682.2
"1558",1997.70037654653,3730.56,5405,2751.7,4657
"1559",1997.70467993545,3777.56,5510.3,2739.7,4653.7
"1560",1997.70898332437,3788.54,5561.8,2757.1,4593.9
"1561",1997.71328671329,3748.79,5587.8,2762.2,4575.8
"1562",1997.71759010221,3761.07,5576.1,2784.8,4596.3
"1563",1997.72189349112,3819.52,5662.4,2867.4,4640
"1564",1997.72619688004,3820.16,5669.9,2893.6,4657.9
"1565",1997.73050026896,3809.92,5700.3,2891,4640.3
"1566",1997.73480365788,3766.89,5620.6,2858.3,4604.6
"1567",1997.7391070468,3834.84,5654.8,2944,4728.3
"1568",1997.74341043572,3867.53,5674.3,2909.5,4751.4
"1569",1997.74771382464,3939.73,5804.9,2937,4831.7
"1570",1997.75201721356,3946.73,5846.5,2934.5,4812.8
"1571",1997.75632060247,4003.35,5947,2947.7,4810.7
"1572",1997.76062399139,4030.1,6012.6,2929.8,4758.5
"1573",1997.76492738031,4026.97,5977.1,2950.6,4762.4
"1574",1997.76923076923,4000.65,5885.4,2929.1,4767.8
"1575",1997.77353415815,4074.3,5801.5,2941.6,4799.5
"1576",1997.77783754707,4142.19,5845.8,2941.6,4857.4
"1577",1997.78214093599,4139.68,5844.7,2950.7,4899.3
"1578",1997.78644432491,4223.69,5927.5,2988,4964.2
"1579",1997.79074771382,4203.91,5868.3,2958.6,4949
"1580",1997.79505110274,4131.94,5737.1,2876.7,4877.2
"1581",1997.79935449166,4139.96,5620.5,2874.1,4805.7
"1582",1997.80365788058,4297.64,5677.1,2921.1,4846.7
"1583",1997.8079612695,4384.82,5869.9,3003.5,4874.5
"1584",1997.81226465842,4320.52,5849.2,2973.5,4862.9
"1585",1997.81656804734,4368.54,5847,3025.9,4851.5
"1586",1997.82087143626,4400.3,5888,3022.2,4862.6
"1587",1997.82517482517,4377.7,5842.1,3023.6,4876.6
"1588",1997.82947821409,4458.66,5929.5,3069.3,4927.3
"1589",1997.83378160301,4405.52,5898.2,3075.7,4907.5
"1590",1997.83808499193,4336.98,5898.2,3049.5,4899.3
"1591",1997.84238838085,4302.5,5771,2992.4,4895.7
"1592",1997.84669176977,4325.86,5765.2,2984.1,4960.6
"1593",1997.85099515869,4364.25,5812.1,3037.1,5026.2
"1594",1997.85529854761,4428.08,5922.1,3056.3,5086.8
"1595",1997.85960193652,4342.31,5864.8,2996.3,5031.3
"1596",1997.86390532544,4333.15,5825.6,2983.4,5031.9
"1597",1997.86820871436,4377.51,5808.4,2998.6,5075.8
"1598",1997.87251210328,4237.06,5682.1,2924,5003.6
"1599",1997.8768154922,4195.53,5579.5,2921.8,4991.3
"1600",1997.88111888112,4077.59,5498.5,2921.8,4865.8
"1601",1997.88542227004,4080.55,5405.6,2870.1,4835
"1602",1997.88972565896,4190.45,5580.1,2936.2,4914.2
"1603",1997.89402904788,4251.93,5690.1,2979.3,4958.4
"1604",1997.89833243679,4204.81,5668.8,2957.2,4978
"1605",1997.90263582571,4090.14,5475.8,2904.2,4901.1
"1606",1997.90693921463,4076.75,5473.9,2898.6,4901.1
"1607",1997.91124260355,3993.7,5363.3,2869.3,4886.3
"1608",1997.91554599247,3992.03,5409.6,2871.7,4906.9
"1609",1997.91984938139,3897.43,5217.3,2828.4,4845.4
"1610",1997.92415277031,3919.79,5216.7,2770.5,4817.5
"1611",1997.92845615923,4001.81,5271.5,2805.8,4870.2
"1612",1997.93275954814,4127.28,5447.5,2921.2,4952.2
"1613",1997.93706293706,4062.13,5478.6,2918,4976.9
"1614",1997.94136632598,4093.43,5478.1,2927,4991.3
"1615",1997.9456697149,4073.71,5532.9,2924.5,4994.2
"1616",1997.94997310382,4131.26,5505.3,2940.9,4985.2
"1617",1997.95427649274,4104.57,5445.1,2919.7,4950.5
"1618",1997.95857988166,4028,5356.7,2874.6,4905.2
"1619",1997.96288327058,3890.24,5280.8,2843.6,4854.8
"1620",1997.96718665949,3796.61,5281.9,2834.1,4848.2
"1621",1997.97149004841,3869.53,5321.7,2898.6,4902.9
"1622",1997.97579343733,3995.69,5417.8,2940.6,4976.4
"1623",1997.98009682625,3970.44,5550.4,2944,5013.1
"1624",1997.98440021517,4004.04,5629,2978.4,5046.2
"1625",1997.98870360409,3983.06,5611,2977.2,5023.8
"1626",1997.99300699301,4096.85,5705.1,3017.5,5075.7
"1627",1997.99731038193,4091.77,5730.4,2997.2,5027.5
"1628",1998.00161377084,4150.95,5732.5,3023.7,5077.2
"1629",1998.00591715976,4104.93,5667.1,3005.4,5065.5
"1630",1998.01022054868,4135.09,5716.6,2985.6,5226.3
"1631",1998.0145239376,4116.52,5691.8,2989,5220.3
"1632",1998.01882732652,4154.89,5673.6,3008.3,5244.2
"1633",1998.02313071544,4262.98,5754.7,3054.9,5317.1
"1634",1998.02743410436,4266.17,5825,3052.1,5296.1
"1635",1998.03173749328,4266.17,5929,3094,5330.8
"1636",1998.03604088219,4326.35,5897.4,3078,5300
"1637",1998.04034427111,4311.13,5846.9,3064.4,5305.6
"1638",1998.04464766003,4267.4,5822.3,3024.1,5262.1
"1639",1998.04895104895,4179.92,5732.2,2960.7,5217.8
"1640",1998.05325443787,4164.62,5699.5,2955.1,5227.3
"1641",1998.05755782679,4225.27,5792.8,3002.9,5300.1
"1642",1998.06186121571,4215.23,5836.3,3002.5,5298.9
"1643",1998.06616460463,4168.62,5815.9,2992.2,5263.7
"1644",1998.07046799354,4149.92,5806.8,2992.9,5287.9
"1645",1998.07477138246,4049.16,5751.6,2958,5271.1
"1646",1998.07907477138,4069.25,5777.2,2946.7,5211
"1647",1998.0833781603,4172.47,5862.9,2989.9,5225.9
"1648",1998.08768154922,4124.86,5803.2,2958.1,5148.8
"1649",1998.09198493814,3976.38,5651.8,2856.9,4991.5
"1650",1998.09628832706,3981.44,5689.5,2849,4970.2
"1651",1998.10059171598,3871.39,5533.5,2769.6,4840.7
"1652",1998.1048951049,3645.69,5279.7,2651.3,4755.4
"1653",1998.10919849381,3806.66,5479,2818,4871.8
"1654",1998.11350188273,3748.88,5370.9,2739.5,4801.9
"1655",1998.11780527165,3753.66,5467.2,2739.3,4842.3
"1656",1998.12210866057,3847.73,5581.6,2788,4906.4
"1657",1998.12641204949,3784.8,5538.2,2774.9,4897.4
"1658",1998.13071543841,3841.39,5601.6,2822.4,4908.3
"1659",1998.13501882733,3813.88,5557.4,2781.8,4863.8
"1660",1998.13932221625,3715.38,5438.6,2707.1,4764.3
"1661",1998.14362560516,3728.37,5459.7,2707.1,4806.8
"1662",1998.14792899408,3734.79,5483.9,2707.1,4793.7
"1663",1998.152232383,3697.48,5434,2694.5,4720.4
"1664",1998.15653577192,3701.94,5418.2,2700.7,4711
"1665",1998.16083916084,3676.65,5437,2698.9,4741.8
"1666",1998.16514254976,3816.71,5565,2773,4867
"1667",1998.16944593868,3844.14,5574.2,2782.6,4845.4
"1668",1998.1737493276,3876.9,5571.7,2790.6,4830.1
"1669",1998.17805271651,3931.81,5650.4,2821.2,4908.4
"1670",1998.18235610543,3941.91,5725.5,2861.7,4985.8
"1671",1998.18665949435,3832.1,5645.7,2802.5,4898.6
"1672",1998.19096288327,3850.14,5666.3,2786.3,4863.5
"1673",1998.19526627219,3926.93,5738.3,2811.7,4891.2
"1674",1998.19956966111,3961.97,5772.4,2829,4889
"1675",1998.20387305003,3972.08,5775.9,2854.4,4831.8
"1676",1998.20817643895,4125.92,5875.1,2918.5,4921.8
"1677",1998.21247982786,4096.4,5919.9,2913.1,4977.6
"1678",1998.21678321678,4074.55,5922.7,2902.4,4970.7
"1679",1998.2210866057,4159.72,5969.5,2914.5,5082.3
"1680",1998.22538999462,4191.81,6009,2910.1,5142.9
"1681",1998.22969338354,4208.14,6095.3,2932.5,5187.4
"1682",1998.23399677246,4187.13,6103.2,2959.4,5177.1
"1683",1998.23830016138,4116.7,6056.6,2932.2,5130.7
"1684",1998.2426035503,4016.7,6021.8,2828.5,5035.9
"1685",1998.24690693921,4061.91,6018.7,2830.3,5045.2
"1686",1998.25121032813,4029.08,5986.6,2838.3,5121.8
"1687",1998.25551371705,4150.31,6092.7,2912.2,5203.4
"1688",1998.25981710597,4154.57,6122.1,2893.3,5190.8
"1689",1998.26412049489,4162.92,6115.1,2894.5,5168.3
"1690",1998.26842388381,4055.35,5989.9,2822.9,5020.2
"1691",1998.27272727273,4125.54,6049.3,2869.7,5018.2
"1692",1998.27703066165,4132.79,6044.7,2858.1,5049.8
"1693",1998.28133405056,4132.79,6046.7,2874.1,5013.9
"1694",1998.28563743948,4132.79,6046.7,2874.1,5013.9
"1695",1998.2899408284,4132.79,6046.7,2875.1,5013.9
"1696",1998.29424421732,4266.02,6190.4,2939.5,5112.4
"1697",1998.29854760624,4224.3,6267.6,2975.5,5132.3
"1698",1998.30285099516,4224.3,6265.5,2998.9,5135.5
"1699",1998.30715438408,4224.3,6265.5,2998.9,5135.5
"1700",1998.311457773,4364.32,6265.5,3038.7,5193.5
"1701",1998.31576116191,4416.95,6397,3072.8,5262.5
"1702",1998.32006455083,4360.05,6375.7,3037.7,5264.4
"1703",1998.32436793975,4339.98,6390,3006.7,5224.1
"1704",1998.32867132867,4293.64,6330.2,2954.9,5237.1
"1705",1998.33297471759,4237.75,6251.8,2919.8,5138.3
"1706",1998.33727810651,4134.64,6062.1,2862.5,5068.8
"1707",1998.34158149543,4150.01,6169.3,2902.9,5083.9
"1708",1998.34588488435,4145.41,6149.8,2919.8,5106.9
"1709",1998.35018827327,4140.22,6148.5,2932.8,5165.8
"1710",1998.35449166218,4216.24,6274,2976.1,5263.1
"1711",1998.3587950511,4290.05,6340.4,2987,5273.6
"1712",1998.36309844002,4310.83,6397.5,3008.3,5278.2
"1713",1998.36740182894,4250.47,6391.4,2998.1,5272.3
"1714",1998.37170521786,4238.77,6356.1,2988.6,5253.1
"1715",1998.37600860678,4222.16,6391,2966.2,5181.4
"1716",1998.3803119957,4266.34,6411,3000.5,5237.2
"1717",1998.38461538462,4316.05,6424,3052,5326.3
"1718",1998.38891877353,4385.29,6508.7,3088.3,5372.6
"1719",1998.39322216245,4444.53,6530.4,3133.8,5422.4
"1720",1998.39752555137,4442.53,6582.6,3172.1,5458.5
"1721",1998.40182894029,4529.88,6688,3187.5,5599
"1722",1998.40613232921,4529.18,6720.7,3188.4,5612.8
"1723",1998.41043571813,4509.25,6708.9,3166.3,5595.8
"1724",1998.41473910705,4494.72,6772,3189.6,5606.4
"1725",1998.41904249597,4536.91,6857.1,3216.7,5629.7
"1726",1998.42334588488,4519.56,6828.4,3220.9,5600.9
"1727",1998.4276492738,4558.62,6860.8,3235.8,5613.3
"1728",1998.43195266272,4552.46,6931.6,3240,5607.9
"1729",1998.43625605164,4509.37,6856,3178.7,5552.5
"1730",1998.44055944056,4522.42,6898.9,3187.7,5582.3
"1731",1998.44486282948,4535.56,6905.3,3225.1,5619.9
"1732",1998.4491662184,4627.42,6990.5,3280.5,5709.5
"1733",1998.45346960732,4611.66,6966.2,3281.7,5723.4
"1734",1998.45777299623,4581.08,6953.2,3250.6,5718.5
"1735",1998.46207638515,4583.03,6986.7,3262.5,5718.5
"1736",1998.46637977407,4610.66,6986.1,3273.5,5702.8
"1737",1998.47068316299,4604.55,6945,3262.3,5651
"1738",1998.47498655191,4704.58,7065.4,3348.2,5745.1
"1739",1998.47928994083,4695.78,7118.6,3397,5764.8
"1740",1998.48359332975,4693.86,7153.1,3421.9,5767.3
"1741",1998.48789671867,4781.62,7273,3446.7,5820.6
"1742",1998.49220010758,4759.62,7259.5,3414.9,5807.7
"1743",1998.4965034965,4690.52,7130.5,3381.3,5733.1
"1744",1998.50080688542,4676.42,7077.3,3395.8,5695.6
"1745",1998.50511027434,4762.71,7197.2,3483.2,5782.9
"1746",1998.50941366326,4828.89,7187.5,3525.9,5818.9
"1747",1998.51371705218,4852.22,7246.5,3521.5,5828.5
"1748",1998.5180204411,4862.41,7276.7,3539.4,5829.8
"1749",1998.52232383002,4838.67,7267.9,3526.6,5794.8
"1750",1998.52662721893,4872.24,7328,3540.2,5782.3
"1751",1998.53093060785,4905.59,7261.2,3598.3,5785.1
"1752",1998.53523399677,4945.91,7236.5,3661.3,5834.9
"1753",1998.53953738569,4908.55,7132.4,3652.5,5903.6
"1754",1998.54384077461,4949.91,7143.8,3688.7,5997.9
"1755",1998.54814416353,5045.16,7300.5,3688.9,5956.3
"1756",1998.55244755245,5014.13,7341,3680.1,5947
"1757",1998.55675094137,5064.35,7407.4,3738.5,5983.7
"1758",1998.56105433029,5114.13,7472.1,3818.7,5967.8
"1759",1998.5653577192,5029,7415.9,3783.8,5905.6
"1760",1998.56966110812,5066.9,7530.3,3810.2,5939.3
"1761",1998.57396449704,5069.89,7536.3,3800.2,5911.9
"1762",1998.57826788596,5097.25,7585.5,3875.3,5932.2
"1763",1998.58257127488,5135.35,7615.5,3883.3,6017.6
"1764",1998.5868746638,5179.04,7638.8,3935.9,6052.8
"1765",1998.59117805272,5254.32,7725.9,3932,6064.2
"1766",1998.59548144164,5345.89,7827.7,3986.8,6105.8
"1767",1998.59978483055,5309.67,7744.3,3903.3,6094
"1768",1998.60408821947,5267.35,7588.1,3873.9,6055.2
"1769",1998.60839160839,5312.25,7624.1,3894.5,6105.5
"1770",1998.61269499731,5312.25,7624.1,3894.5,6105.5
"1771",1998.61699838623,5312.25,7624.1,3894.5,6105.5
"1772",1998.62130177515,5367.98,7662.9,3867.7,6104.1
"1773",1998.62560516407,5359.24,7616.3,3884.6,6074.1
"1774",1998.62990855299,5292.97,7500.1,3845.9,6002
"1775",1998.6342119419,5326.63,7453.7,3861.6,5922.2
"1776",1998.63851533082,5407.93,7500.1,3885.7,5954.1
"1777",1998.64281871974,5373.8,7369.1,3860.4,5955
"1778",1998.64712210866,5312.28,7308.9,3835.1,5931.1
"1779",1998.65142549758,5262.57,7265.5,3822.1,5898.1
"1780",1998.6557288865,5144.42,7232.3,3788.7,5863.9
"1781",1998.66003227542,5002.71,7053.5,3689.4,5722.4
"1782",1998.66433566434,5110.88,7180.1,3777.2,5806.6
"1783",1998.66863905325,5083.8,7241.8,3726.2,5833.1
"1784",1998.67294244217,5241.23,7401.4,3867.9,5928.3
"1785",1998.67724583109,5241.23,7401.4,3867.9,6011.3
"1786",1998.68154922001,5337.75,7640.8,3979.3,6011.3
"1787",1998.68585260893,5226.2,7596.2,3945.5,5986.5
"1788",1998.69015599785,5264.62,7610.8,3947.5,5992.4
"1789",1998.69445938677,5164.89,7536,3912.8,5938
"1790",1998.69876277569,5270.61,7587.1,3912.8,5969.8
"1791",1998.7030661646,5348.75,7677.5,4007.3,6028.3
"1792",1998.70736955352,5307.82,7627.3,3986.1,5956.7
"1793",1998.71167294244,5371.99,7582.8,4018.5,5972.9
"1794",1998.71597633136,5374.11,7550.6,4012,5948.5
"1795",1998.72027972028,5414.31,7519.4,3990.2,5917.8
"1796",1998.7245831092,5343.66,7371.4,3945.3,5826.2
"1797",1998.72888649812,5441,7483.2,3980.8,5877.8
"1798",1998.73318988704,5514.51,7495.8,4047.9,5907.4
"1799",1998.73749327595,5514.51,7495.8,4047.9,5935.6
"1800",1998.74179666487,5530.19,7542.7,4049.8,5955.6
"1801",1998.74610005379,5592.46,7657.1,4108.7,5955.6
"1802",1998.75040344271,5639.89,7731.9,4115.9,5970.7
"1803",1998.75470683163,5466.88,7633.5,4017.4,5870.2
"1804",1998.75901022055,5507.36,7605,4014.9,5862.3
"1805",1998.76331360947,5556.99,7656.1,4041.2,5870.7
"1806",1998.76761699839,5556.99,7656.1,4041.2,5837.9
"1807",1998.77192038731,5583.83,7657.5,4087,5842.3
"1808",1998.77622377622,5640.42,7676.3,4149.4,5898.4
"1809",1998.78052716514,5605.38,7592.9,4119,5860.8
"1810",1998.78483055406,5724.75,7699.5,4185.1,5947.3
"1811",1998.78913394298,5787.05,7743.4,4204.6,6037.8
"1812",1998.7934373319,5773.77,7716.8,4201.9,6019.8
"1813",1998.79774072082,5799.22,7652.6,4208.6,5987.4
"1814",1998.80204410974,5799.22,7498.4,4141.6,5852.5
"1815",1998.80634749866,5631.34,7417.4,4050.8,5769.8
"1816",1998.81065088757,5581.24,7342.7,4005.3,5715.7
"1817",1998.81495427649,5621.71,7388.7,4013.3,5729.7
"1818",1998.81925766541,5742.83,7562.7,4092.9,5832.7
"1819",1998.82356105433,5689.89,7488,4052.3,5812.1
"1820",1998.82786444325,5644.22,7518.6,4027.3,5748.1
"1821",1998.83216783217,5648.11,7511.8,4018.6,5712.4
"1822",1998.83647122109,5748.34,7624.8,4065,5772
"1823",1998.84077461001,5784.4,7667.9,4126.3,5804.9
"1824",1998.84507799892,5886.72,7794.7,4203.8,5858.9
"1825",1998.84938138784,5870.49,7816.9,4215.7,5877.4
"1826",1998.85368477676,5933.73,7881.9,4248.2,5884.5
"1827",1998.85798816568,5841.83,7882,4203.5,5832.5
"1828",1998.8622915546,5910.51,8038.2,4260.7,5919.9
"1829",1998.86659494352,5905.15,8047.3,4252.1,5960.2
"1830",1998.87089833244,5961.45,8099,4304.4,5988.4
"1831",1998.87520172136,5942.06,8166,4311.1,5990.3
"1832",1998.87950511027,5975.88,8160,4333.1,6003.4
"1833",1998.88380849919,6018.89,8227.2,4339.9,6009.6
"1834",1998.88811188811,6000.84,8205,4319.2,5969.7
"1835",1998.89241527703,6001.24,8192.4,4256.4,5927.9
"1836",1998.89671866595,6023.31,8141.9,4256.4,5958.2
"1837",1998.90102205487,6101.9,8180.5,4256.4,6100.2
"1838",1998.90532544379,6106.1,8158.1,4344.3,6151.5
"1839",1998.90962883271,6108,8126.5,4358.1,6116.8
"1840",1998.91393222162,6162.86,8288.2,4388.5,6174
"1841",1998.91823561054,6186.09,8400.8,4368.9,6179
"1842",1998.92253899946,6184.1,8412,4322.1,6132.7
"1843",1998.92684238838,6081.11,8340.7,4220.1,5989.6
"1844",1998.9311457773,6043.82,8229.2,4235.9,5976.2
"1845",1998.93544916622,6040.58,8205.7,4205.4,5892.3
"1846",1998.93975255514,5854.35,7998.7,4139.5,5836.1
"1847",1998.94405594406,5867.52,8093,4122.4,5835.8
"1848",1998.94835933297,5828.74,8102.7,4139.2,5844.1
"1849",1998.95266272189,5906.33,8205.5,4197.6,5910.7
"1850",1998.95696611081,5861.19,8239.5,4177.3,5837
"1851",1998.96126949973,5774.38,8139.2,4095,5809.7
"1852",1998.96557288865,5718.7,8170.2,4047.9,5736.1
"1853",1998.96987627757,5614.77,7943.2,3976.4,5632.5
"1854",1998.97417966649,5528.12,7846.2,3968.6,5594.1
"1855",1998.97848305541,5598.32,7952.9,4041.9,5680.4
"1856",1998.98278644432,5460.43,7721.3,3939.5,5587.6
"1857",1998.98708983324,5285.78,7447.9,3846,5432.8
"1858",1998.99139322216,5386.94,7607.5,3945.7,5462.2
"1859",1998.99569661108,5355.03,7552.6,3951.7,5399.5
"1860",1999,5473.72,7676.3,3995,5455
